battery,cycle,ambient_temp,voltage_mean,voltage_min,current_mean,temp_mean,temp_max,duration,capacity,SOH,RUL
B0005,1,24.0,3.5252344848722994,2.6129312084905005,2.0089718502730016,31.54534521609233,35.96499320169127,3347.21358708826,1.8568731250704784,100.0,141
B0005,2,24.0,3.5292265731172283,2.6512463619139157,2.0065740393575293,31.934395298858373,36.47728052867094,3308.5125409375496,1.8476465685276862,99.50311324892259,140
B0005,3,24.0,3.5345714213121258,2.6512148147094665,1.999451329091849,31.969733029951115,35.15644068082708,3338.7098682426163,1.8489056738320837,99.5709210752839,139
B0005,4,24.0,3.526600047801209,2.648360180362441,2.001763600815132,31.48255743740396,35.57660058844205,3306.4267466538913,1.8467494070404578,99.45479753606557,138
B0005,5,24.0,3.5172930961492965,2.6759826328205114,2.0038341143589213,31.809797136108692,36.71008560075145,3282.628538886073,1.8284016458998822,98.46669765498838,137
B0005,6,24.0,3.52596356877601,2.5981227581745823,2.000605889746497,31.845196948987507,36.38775921096122,3285.751068786028,1.8306222888384753,98.58628810565575,136
B0005,7,24.0,3.521231751855864,2.6596211305566855,2.000653820939558,33.187264004998674,36.47837828195448,3310.8790722141607,1.82833437293391,98.46307473831929,135
B0005,8,24.0,3.5245338643223985,2.682730536429784,2.004118765659381,32.90090946634438,37.17003098680568,3302.675009442749,1.8320670334769447,98.66409334818758,134
B0005,9,24.0,3.5247219232279052,2.6293924398716335,1.9997035867698703,32.06906685326224,36.54596521636791,3279.603105888061,1.8237661738479038,98.21705905613138,133
B0005,10,24.0,3.51633339474042,2.644459207436003,1.9963535653181317,32.1012072044934,36.65779803270475,3286.6680863641495,1.821770719304502,98.10959589580769,132
B0005,11,24.0,3.516115942903327,2.637264467815455,1.9979276346708208,31.818995140327996,37.72694174921358,3238.6413045523295,1.8168051054234862,97.84217784693979,131
B0005,12,24.0,3.5268044684408233,2.634355425373171,2.0031695518886687,31.505829390076496,36.251873128110226,3272.2792422081043,1.8182923589181765,97.92227236037802,130
B0005,13,24.0,3.522683995233577,2.645355724413769,2.000014966456,32.17896366714416,35.902012940467515,3314.9880207306605,1.825014060035327,98.2842626884407,129
B0005,14,24.0,3.512284884244096,2.6805062632924104,2.0017010498843417,31.835646120948837,36.52694741811884,3284.4796485212805,1.8236080282918004,98.20854228920915,128
B0005,15,24.0,3.527986048217901,2.689123002295806,2.003350396211011,32.251092041661884,36.59953852046336,3269.4946985803954,1.815820000579364,97.789126034685,127
B0005,16,24.0,3.523266911258349,2.646519190506406,1.998125792685512,31.748474661247666,36.2547183051803,3247.814522453283,1.7997736648659168,96.92496706244297,126
B0005,17,24.0,3.517746161998166,2.6915749898339496,2.003781240818149,32.11206448299516,36.039607178648254,3245.131738346641,1.7953875887205146,96.6887594246575,125
B0005,18,24.0,3.5147705314927427,2.654169656520479,2.001894213017292,32.47442607581551,37.708222527970875,3202.259908289921,1.7956788381573716,96.70444436472825,124
B0005,19,24.0,3.526728847239355,2.6880538974309083,1.9938259345654425,32.50409306673995,36.64023403869585,3222.9921282653754,1.8045705697179117,97.18329945937575,123
B0005,20,24.0,3.523495943636399,2.6514343507974916,2.0072115239559314,32.563027638364154,36.16190911578877,3240.6595288583007,1.7986139774955605,96.86251328707735,122
B0005,21,24.0,3.532845479616665,2.6562481692396247,1.9974962762812154,31.90704593258142,37.038287186132116,3215.8444657493965,1.7925375634321439,96.53527423227192,121
B0005,22,24.0,3.5224963942316476,2.6611513089576473,1.9917245232840741,32.8028926326291,36.56011854498585,3239.0562619129064,1.788542157210893,96.32010572305569,120
B0005,23,24.0,3.521517015911069,2.7177456735054473,1.9947747814520684,32.18014731153082,36.540535263736494,3203.7076588938576,1.7824640415234088,95.99277502902922,119
B0005,24,24.0,3.518984739199714,2.6710979599567928,1.9948947741966083,32.74181298103057,36.93269618954078,3182.6431605269486,1.7842561786459141,96.08928873792559,118
B0005,25,24.0,3.523350969089353,2.640147873499631,2.0002608665932877,32.51092422119197,36.04096512166983,3185.244657224189,1.780147147764916,95.86800108905393,117
B0005,26,24.0,3.5219813764924752,2.673837577211023,1.9986307474722689,31.98435937702956,36.889532770839566,3157.5137486171966,1.7770882716175862,95.70326844760253,116
B0005,27,24.0,3.525468166969992,2.6470795324874463,1.998315840161797,32.39146290566352,37.647066720527214,3199.9823024293714,1.7797189919381196,95.8449431955977,115
B0005,28,24.0,3.5163570888058744,2.6446195149823515,2.0030985098274123,32.675887733670585,36.93941181355876,3197.376154011257,1.7778899532890127,95.74644219278751,114
B0005,29,24.0,3.5165487555528623,2.672681710030809,2.0016993768059637,32.786348092145886,36.533443201383,3190.648878105534,1.7761198993068126,95.65111774879068,113
B0005,30,24.0,3.515383060795326,2.6555102810954687,2.0015802393532214,32.5302331618277,36.528618454193165,3200.5138840807213,1.7690726102751528,95.27159321711906,112
B0005,31,24.0,3.5223721770665235,2.6602042509059847,2.0020491422866433,33.168639470130245,36.53606723184722,3210.8739095724886,1.7738311733470769,95.52786075676282,111
B0005,32,24.0,3.524464384393929,2.6554906995603274,2.003080673340011,33.028323723157236,36.706777880659594,3170.9800569308895,1.7630754907117951,94.94862448638632,110
B0005,33,24.0,3.5130959070173975,2.6625756187388507,1.9894602332911129,32.59861309824918,36.74612972669964,3120.3239411861127,1.7513024145545921,94.31459753008815,109
B0005,34,24.0,3.5132994883699595,2.664329975145153,1.9981778087386777,32.999727588426374,37.391060871966076,3162.048820770909,1.7515497761464027,94.32791893522192,108
B0005,35,24.0,3.517890307641191,2.6167326927371546,1.9890989496775526,33.430161161026845,36.0089204709976,3173.126792448141,1.758220216122507,94.68714864704462,107
B0005,36,24.0,3.514475336472175,2.669049795783295,2.000180299633989,33.470394929645714,37.34593481098275,3161.1907696285843,1.7536388311534612,94.44042285263303,106
B0005,37,24.0,3.5198503862350474,2.6363235644156546,1.9999768351388783,32.22447438514229,36.764389187390435,3163.049056085133,1.7490704776919508,94.19439885671046,105
B0005,38,24.0,3.5018837151524935,2.627896976646576,2.0052276613739486,32.43854187846887,37.26734739008999,3104.773299255133,1.7345809559455827,93.41408050589057,104
B0005,39,24.0,3.509368636456479,2.655430910446401,2.0059381719636056,33.38586375352248,36.49236769667149,3157.1922801595033,1.7372560829815145,93.55814673205398,103
B0005,40,24.0,3.5090563865698594,2.6584922327704223,2.0010138752412616,32.394201104160956,37.75433356608607,3105.5223103684853,1.7332854037031187,93.34430986701534,102
B0005,41,24.0,3.5014177942287503,2.6429220469922816,1.9974981946130155,32.28604398073062,37.70956472548232,3131.8364828088193,1.7336656327226703,93.36478671136285,101
B0005,42,24.0,3.5087281922294613,2.6732020833728374,2.0024258055627286,32.59529589405773,37.53282665799149,3102.342965155681,1.7375851003177119,93.57586562365488,100
B0005,43,24.0,3.5066719850295733,2.630657390429061,1.9973604118133785,33.06819793456729,36.442765613139834,3082.91610672404,1.720483376129495,92.65486978622695,99
B0005,44,24.0,3.5100086328126276,2.6494554625904603,1.9999930367427832,32.8703618252649,37.62965454607881,3116.4871079941754,1.7187453212740529,92.56126862242229,98
B0005,45,24.0,3.516770564064072,2.6458202234590313,2.004930681584804,32.64189929076075,37.4052605290485,3092.3937004954746,1.7201706654669375,92.63802907383065,97
B0005,46,24.0,3.5100289016963937,2.656566572612274,1.9972111432700528,32.63011317759753,36.39709525948349,3109.5551517988274,1.720531284845464,92.65744986104856,96
B0005,47,24.0,3.505286389164369,2.6634011025866546,2.0040283931962124,32.65392320148012,37.2396620111082,3089.6129412293762,1.7144770057769931,92.3314028637212,95
B0005,48,24.0,3.5101995750111024,2.637648401920661,2.0033870068434614,32.58494745811224,37.431268990617724,3085.0720122883436,1.7148035470157479,92.3489884076308,94
B0005,49,24.0,3.5152559246065267,2.6724816309493966,1.9952260409143459,33.87217043894306,37.557394020955094,3100.7524315128844,1.7112748203549413,92.15895244808334,93
B0005,50,24.0,3.504791694195656,2.6593914520562016,2.0048694706410872,33.09477299121515,37.389655433795674,3072.2106886255015,1.7087558727751555,92.02329710654297,92
B0005,51,24.0,3.5035027267938004,2.6209388344483986,2.0034928317268577,33.408034763518316,37.55005723076559,3027.4095398365057,1.6967336730277542,91.37585385449283,91
B0005,52,24.0,3.5114384184423724,2.6193699017336587,2.000509629436863,32.82937667774437,38.10348258278246,3049.974260087974,1.7011238119262497,91.61228028768433,90
B0005,53,24.0,3.504503109839711,2.6595092979740675,1.9961883827098617,33.096299389044056,38.17392636817998,3029.647581213271,1.6785442807126365,90.39628276428022,89
B0005,54,24.0,3.50919508430936,2.6551975893019475,1.9957039699071222,32.86861068637285,36.105182228336616,3031.957630776482,1.6811249967672468,90.53526458375765,88
B0005,55,24.0,3.5063224492224303,2.657375324455945,1.9973116871154848,32.072563873324796,37.352276998971135,3008.3181554118664,1.6843466828696656,90.7087651885605,87
B0005,56,24.0,3.5097268673385646,2.6589529312301488,2.0027129723164596,32.590305932551246,37.43968734394854,3018.653671730858,1.6830660052899895,90.63979560941236,86
B0005,57,24.0,3.500576101943943,2.664210599784545,1.995221874162993,32.43968088732881,36.67585519273115,3014.538167511416,1.6795911043052496,90.45265837651132,85
B0005,58,24.0,3.505729050186644,2.678637202820732,2.0021875612430993,32.26219176367127,37.59656522891871,3018.2905844046027,1.6798736823979534,90.46787633022547,84
B0005,59,24.0,3.5033914593729616,2.637999938203738,1.993791222355608,32.74850075693144,38.2599046817395,2985.1275234554364,1.6698701262691442,89.92914506238888,83
B0005,60,24.0,3.497876775678062,2.636978076022551,1.9989796570778058,33.78008321742068,37.123517331095414,2989.7962695368265,1.666234353421455,89.73334424010324,82
B0005,61,24.0,3.4950953683530237,2.6389684196053054,2.00054823877287,33.282413144484615,37.901783951433416,2974.318499094094,1.658470920207215,89.31525249708523,81
B0005,62,24.0,3.506323687272566,2.6666203565048967,2.0122256507252945,33.81726828431122,37.27681196719544,2996.5820634486427,1.6583383691956743,89.30811409814181,80
B0005,63,24.0,3.501028233397712,2.685785749449408,1.9931134217223982,33.47080925593786,37.40593228839684,2995.646692840329,1.6575054850974862,89.26325997822683,79
B0005,64,24.0,3.4977407453139095,2.652232352546351,2.0073600728324505,33.61612048762303,38.47615942686763,2982.248792031656,1.6580199716127715,89.29096712247588,78
B0005,65,24.0,3.502266366778682,2.6108670985314877,2.0007492120699366,32.94777265163982,37.472896356292964,2977.150728578438,1.6572396252869437,89.24894237047253,77
B0005,66,24.0,3.5090884264363043,2.626540809887969,2.00205585959008,33.48406043849829,37.930412986933604,2994.5189288274664,1.662455591192711,89.52984287117688,76
B0005,67,24.0,3.4900476922774257,2.644758712942365,2.000591739566941,33.66181938142404,36.89150252569524,2953.4282744935576,1.6475982783918839,88.72971750987826,75
B0005,68,24.0,3.493879482793768,2.6503003517527817,2.002223634090976,33.14393262342886,38.76394750112722,2947.2864790175563,1.6469383112500378,88.69417565551375,74
B0005,69,24.0,3.4965682261458957,2.6533591641127567,1.9992315744781899,33.6070485471886,38.145636088409425,2947.974842561259,1.6455989781639693,88.6220472441546,73
B0005,70,24.0,3.507254267338559,2.6627922732576352,2.0072702509072875,33.66895319919196,37.83205420635757,2936.0264138228235,1.6364158951568863,88.12750171580923,72
B0005,71,24.0,3.4996788767607674,2.6564586966450827,1.9977176442788764,33.30341374293177,38.31875297684501,2905.5653862070358,1.623898607335511,87.4533960026954,71
B0005,72,24.0,3.501967967149232,2.6837342398320976,2.005661172860896,33.08058634163914,37.33468190492281,2923.6463470271797,1.6228974742451314,87.39948100565749,70
B0005,73,24.0,3.492559063671205,2.649175706579638,1.9967781643989349,33.04987499043254,38.6226338017988,2933.8818909362285,1.6238534199052626,87.45096247992863,69
B0005,74,24.0,3.4928254854671565,2.6453843748730854,1.9996987407679936,33.55029030428012,37.85892506226717,2901.3165490723077,1.6250683464357119,87.51639110367499,68
B0005,75,24.0,3.5005480588021447,2.6722539146829964,1.9946401872385489,33.65197241702621,37.926189868489764,2923.970927674816,1.6242188872258752,87.47064434810144,67
B0005,76,24.0,3.4982710564957964,2.63209528466503,2.002275118601738,33.2199647954431,37.80347236268561,2915.884902463278,1.6217688552179297,87.33870038408654,66
B0005,77,24.0,3.500196665893499,2.6708126453867287,2.0072256297846325,33.572891490169894,37.79268410347981,2917.2528286176453,1.617850110185885,87.12766038468455,65
B0005,78,24.0,3.4964497894688424,2.6650958059051315,1.9996132191008957,33.79358388212811,38.43449406271117,2911.0679485977566,1.617367794510728,87.10168576807531,64
B0005,79,24.0,3.49841633846716,2.660240902267682,1.9990155715064803,33.830046533791545,38.238313755619345,2884.6031116298323,1.6146706115715592,86.95643174383676,63
B0005,80,24.0,3.496445993510246,2.695503362908697,1.9944269151846603,34.2692929399344,38.5239285932154,2869.121251681114,1.6044761617577616,86.40742009214351,62
B0005,81,24.0,3.5000286479607796,2.6510999266879636,1.9988535367322384,34.13608140414215,38.16265475027446,2894.9857027514163,1.6080801939542453,86.6015115541731,61
B0005,82,24.0,3.4987838676117384,2.705306432929675,1.9920360287013923,33.29153976920059,38.51267502860954,2891.347994293586,1.597731266943002,86.04418069125532,60
B0005,83,24.0,3.485877522002803,2.659900618225533,1.995435610066406,34.40254414902662,38.096055181652694,2832.3655928403714,1.5919880018922314,85.73488303525352,59
B0005,84,24.0,3.4828431453974202,2.6388278758309456,2.0011339302305458,33.51179396581974,39.413778677560806,2872.138404324898,1.5927513920154859,85.77599462833693,58
B0005,85,24.0,3.497911874339347,2.666237132679461,2.006595065988707,34.19859805212949,37.590233361315036,2869.043279405102,1.583999416292104,85.30466594113601,57
B0005,86,24.0,3.4983733330599143,2.6435012129561826,2.0140460543061476,33.83032868592742,39.034647375790804,2842.6302159504585,1.5805142244964177,85.11697450715317,56
B0005,87,24.0,3.4876833169076855,2.649850310241629,1.9970670745746455,33.62139151236511,39.065622077024344,2857.888934854735,1.5831310541190768,85.25790118584372,55
B0005,88,24.0,3.4828240832474857,2.673091361888224,2.007176500783227,33.09500476263976,37.99803193908352,2830.2086654591567,1.5781970564847911,84.9921857975563,54
B0005,89,24.0,3.4937438410728587,2.6758121749858734,2.0012187624020084,33.69543818145797,39.466722119337334,2854.0356550439287,1.586570082240601,85.44310652244386,53
B0005,90,24.0,3.497547453232976,2.6523993411544255,1.9992437617662682,33.15737012501903,38.87257636699435,2826.752863284963,1.5839258700331031,85.3007051826971,52
B0005,91,24.0,3.5010762063074754,2.6849128094228063,2.0021629722586307,34.20668447696252,38.91192254691201,2805.1204760212263,1.5779364586930607,84.97815157043482,51
B0005,92,24.0,3.49366119056427,2.688718274078917,2.0003095824184,34.47489133307507,38.504910120472104,2840.920865627174,1.5704329881159973,84.57405984894045,50
B0005,93,24.0,3.4873178093438626,2.6950554780005493,2.000551978628061,33.64076874859535,38.50409777997603,2786.515328820521,1.5562723626313264,83.81145386937825,49
B0005,94,24.0,3.485149691795826,2.676742130181014,1.9979583341858667,34.05925174162768,38.47991351264016,2800.3357812759755,1.5595381660839038,83.98733036888079,48
B0005,95,24.0,3.4878556197128976,2.6941492289398963,1.9930094517010057,33.73552195497867,38.89617004986891,2762.0390469058084,1.5460198226138118,83.25931382927048,47
B0005,96,24.0,3.485810109686388,2.6294614581581928,1.9922818739873895,33.7978973140662,39.43298141234483,2755.0982079460073,1.5423598630512587,83.06221045623232,46
B0005,97,24.0,3.48264865710301,2.660552270374769,2.0032662244164063,34.33904604322675,38.79632132450485,2779.232197389691,1.5454665349395058,83.22951708834964,45
B0005,98,24.0,3.4983982268701057,2.649398115427216,1.9986164995495714,33.99317116170475,38.22239347702085,2776.660717950614,1.5486690977014717,83.40198782524203,44
B0005,99,24.0,3.495800487702691,2.6696346589456152,1.9970195555017192,34.76587622354054,39.17223620688333,2776.1348200816124,1.5391473639509399,82.88920460801656,43
B0005,100,24.0,3.491916109737703,2.6560766690880944,2.0000425281336156,33.907785425162366,39.2614799287221,2768.698798041149,1.5343948454202527,82.63326259094919,42
B0005,101,24.0,3.482064240045556,2.6640094463471646,2.003974661264578,34.47964691532891,39.10054627400937,2772.517190022258,1.5376135807374383,82.80660428423603,41
B0005,102,24.0,3.4914982934061642,2.70475421889021,2.000901819715132,34.092251919518546,39.11046485904308,2778.7120632043393,1.5417405840780072,83.02885982150717,40
B0005,103,24.0,3.4885565009993402,2.664462256490852,1.9967197253167952,34.46110949420886,38.72160032200266,2773.825800077161,1.5278662650017683,82.28167258028346,39
B0005,104,24.0,3.4881644077320835,2.675895174499379,2.0061314647782447,33.93545631573699,38.35459792132668,2742.0909868156823,1.5322804963063088,82.51939648532263,38
B0005,105,24.0,3.4913369304400397,2.663319171759587,2.007895927514908,34.135923467947975,38.44023262197109,2745.7225631787137,1.5258592145398653,82.17358493364756,37
B0005,106,24.0,3.4868650332066298,2.670038994762207,2.0024727832766143,34.17676792864889,38.14622501626236,2744.7824202849924,1.515440040542888,81.61247099127297,36
B0005,107,24.0,3.4866430371249977,2.6689431472313307,2.0048683175567206,33.92431478877483,39.1301244853905,2736.7802970551033,1.5098956666194625,81.31388441319348,35
B0005,108,24.0,3.4864732484088794,2.6776509945226556,2.006209799984069,34.506974198215815,38.94779772089752,2701.1160432169427,1.5124680544206175,81.4524177231124,34
B0005,109,24.0,3.484953568464934,2.692006306140974,2.0056504965820228,34.504118253834996,38.77203101654001,2717.233464577743,1.5121771090014338,81.43674915560203,33
B0005,110,24.0,3.472716270294328,2.7022941495749064,2.003070495885563,34.558974232703065,37.61759372748191,2720.658709465316,1.5001593850151707,80.78954694108309,32
B0005,111,24.0,3.481822212955785,2.6756307586106898,2.0029917352353745,34.94738909826788,38.486478380754015,2704.8249951384564,1.4984465603113724,80.69730452124983,31
B0005,112,24.0,3.4778099938311553,2.6815545562705516,2.0025983028667325,34.95137214647528,39.72259929367592,2689.2429964235666,1.4923966949729834,80.3714952208347,30
B0005,113,24.0,3.4750149199764437,2.6464170599104313,1.9945133116272649,34.182144135357426,38.777183015031206,2694.072688446595,1.4985210882489526,80.70131814698301,29
B0005,114,24.0,3.4880264724130283,2.668395509425078,2.003503615784298,34.567586240180496,39.40478292257086,2667.519063841279,1.4851533765149418,79.98141372521465,28
B0005,115,24.0,3.4890091346113947,2.688660126134885,1.9932209301443673,34.13308014476231,38.481351178966506,2687.600088636453,1.4907093348278326,80.28062416872193,27
B0005,116,24.0,3.4863933114111147,2.687480489404488,1.9960270027243747,34.42867612278325,39.94513140296286,2669.2202031470893,1.4850032305676981,79.9733277690329,26
B0005,117,24.0,3.4808696352734865,2.6743947673802184,2.0065178253390403,34.17960894727051,39.1539978058634,2672.3183858741972,1.4849761473277021,79.97186922888656,25
B0005,118,24.0,3.4866380553407526,2.6877739072969633,2.004201100813471,35.053551496326925,39.35238469513844,2678.0379596160965,1.4871438772357617,80.0886101024978,24
B0005,119,24.0,3.480034629054939,2.6798255889191043,2.0074369914484294,34.54670982884455,40.364530654217326,2667.885598403244,1.4878092618503589,80.12444370930774,23
B0005,120,24.0,3.4796984163712366,2.6945323531704872,1.9986416280815635,34.375935709394334,40.042416531142834,2668.7638269907497,1.4782121591014046,79.60760157187899,22
B0005,121,24.0,3.4710722036885127,2.677171358922813,1.994238755793616,35.04354852278307,39.268185314743825,2675.7714644889265,1.4622543304237197,78.74820905538277,21
B0005,122,24.0,3.4794211427719106,2.6639115591888127,1.9987978140146483,33.65481689610984,39.06747398760216,2617.4106066622944,1.4689252256956589,79.10746328669629,20
B0005,123,24.0,3.477104106822344,2.6779959542665717,2.000510156486203,33.747854457403236,39.24188815470603,2640.4349446603815,1.464208198220851,78.85343260408685,19
B0005,124,24.0,3.470800845694139,2.6124624699716197,2.0003949435817,34.84725836072895,39.62684632242632,2631.027659949866,1.4680169507106389,79.05854906780019,18
B0005,125,24.0,3.476389164853508,2.6789996545626646,2.0056684023937836,34.58522015944258,39.36209830646874,2642.132892988207,1.463039919069677,78.79051612716657,17
B0005,126,24.0,3.4762752720076047,2.5983621755649486,1.9981936478749829,34.659830368413644,39.215247058577376,2634.5554964216144,1.4632539635120534,78.80204327134709,16
B0005,127,24.0,3.4851565155585593,2.6370632479617573,2.0017601723590146,34.05334349185644,40.178793202933,2638.5191822523407,1.4594952003565023,78.5996189320208,15
B0005,128,24.0,3.477900723807123,2.681663509152997,1.995056864252827,34.70608297176116,39.5633969955795,2608.0425673953655,1.4391166493042964,77.50215294056099,14
B0005,129,24.0,3.474291906451442,2.681856715042942,2.0022515863902193,35.47813915987328,40.71877507413565,2604.0771413626676,1.445106013664525,77.82470402277353,13
B0005,130,24.0,3.4746842724363645,2.649375290042258,2.000015542750928,35.044543725325106,39.665189785085104,2607.5337625297266,1.4391960990019521,77.50643162264124,12
B0005,131,24.0,3.473316389179868,2.658519828246682,1.9962509333085774,34.79930690816846,40.534558250594145,2550.768154652107,1.436629235032743,77.36819579303325,11
B0005,132,24.0,3.4715428838245885,2.700387838272856,1.9988208531891258,34.581620656026836,39.85498267144706,2602.5862050695428,1.4326274558893346,77.15268407662256,10
B0005,133,24.0,3.4663824825718703,2.6636015499450214,1.999079121267424,34.63602916842926,40.20662469886075,2574.139464017997,1.4269519620775621,76.84703617127323,9
B0005,134,24.0,3.47122998824156,2.718064307196222,1.9986492243533145,33.93302895809945,39.35063862594708,2587.2340865917095,1.4283702423641842,76.92341620324596,8
B0005,135,24.0,3.466917754704868,2.6737023045412207,2.0088567062113385,34.95194036093819,39.37163264546593,2534.8631741004237,1.4184229501516925,76.3877149709868,7
B0005,136,24.0,3.464038370155689,2.6820447443975035,1.9995077699884607,35.20427574657809,40.05129631508796,2535.9014333872074,1.415757212006271,76.244154373904,6
B0005,137,24.0,3.4732858965309172,2.7060455729867,1.9987805194491133,34.214722471139126,40.287570223909164,2556.442388052113,1.4190296186888565,76.42038648359438,5
B0005,138,24.0,3.4722810346931015,2.676490657766494,1.9895127452119492,34.599847096192356,39.83934672182034,2548.5729666408306,1.4160158527671625,76.2580832071344,4
B0005,139,24.0,3.4614402923950425,2.6538035884054305,1.9955289632401025,34.39907030941626,39.17287821553765,2553.7323595357643,1.416381294842008,76.27776371572229,3
B0005,140,24.0,3.470475842636189,2.6713697446366482,1.9986846328777181,34.44157476254058,39.09015780414079,2575.3351753244697,1.4217041377280666,76.56441996671718,2
B0005,141,24.0,3.474458393042838,2.6734958308308623,1.9965707366191168,34.926358117288494,39.1597190876532,2511.0363301002903,1.4097303526832405,75.919584038879,1
B0005,142,24.0,3.4722678778662956,2.6479164632872427,2.006908537966889,34.191594697757544,39.14999635653422,2518.5330849046927,1.3910698882382961,74.91464384167321,0
B0005,143,24.0,3.4720495271398804,2.6701152214030013,1.9991753111230188,35.273531714921006,40.091840732494454,2503.361461107056,1.3906873513653817,74.89404271024696,0
B0005,144,24.0,3.4674932924106048,2.660236667569612,2.006442221246591,35.31120316192079,40.57540347278376,2505.247815711832,1.393502524238167,75.04565096149345,0
B0005,145,24.0,3.461882129890261,2.694044212531706,2.000308523170252,34.96640585134009,40.08242128861073,2470.282990135423,1.384638732583998,74.56830054188238,0
B0005,146,24.0,3.4600712943388126,2.6764963220934637,2.000186139182108,34.104206749177244,38.99844615889249,2491.624977290927,1.3800440262584854,74.32085733946444,0
B0005,147,24.0,3.4677196696612964,2.6699454269620304,1.9995560177614375,34.673593582996894,40.000834481029855,2454.6554539165354,1.383815039823334,74.5239414120343,0
B0005,148,24.0,3.467902827981288,2.6734737902637633,2.0000189812581075,35.56485223878689,40.01418912187811,2500.7239913929006,1.3838878229023999,74.5278610701996,0
B0005,149,24.0,3.4724819136533016,2.680044337130013,2.0085939750152493,33.95862989913532,41.14110285701504,2469.1365088798443,1.384176720228855,74.54341933977412,0
B0005,150,24.0,3.4706605232901104,2.688272033978435,1.988401946366244,34.97328063327937,39.421151041082595,2480.472959203519,1.3775950502856984,74.1889702471412,0
B0005,151,24.0,3.4643958941457824,2.6559829404552366,1.9899922712778066,34.64526189204805,39.961010803280345,2476.4963126817283,1.3768243584675819,74.14746542876073,0
B0005,152,24.0,3.4574238205293604,2.6557103073781083,1.9972841458447195,35.50687532429802,41.099655945157735,2476.9149023871273,1.366317683432066,73.58163920759027,0
B0005,153,24.0,3.4601009806754397,2.699414978843853,2.0000726394096877,35.008521763438885,40.59641229640164,2430.599883406132,1.3518220616340781,72.80099234473919,0
B0005,154,24.0,3.4636671867117705,2.668720850260818,2.00345052212382,35.39769213288378,40.59647056954427,2434.713085222332,1.3584028686886207,73.15539496738971,0
B0005,155,24.0,3.4621163759020006,2.6484124412964833,2.0023654359901375,35.436098145478134,40.33717752225926,2444.834959751305,1.3624633334393739,73.37406713706739,0
B0005,156,24.0,3.459478964875048,2.6859288800214873,1.9980787704355971,35.980805435951055,40.4933919027407,2461.371328614845,1.3568211594908473,73.07021363882083,0
B0005,157,24.0,3.4634275024360495,2.6864021647761733,2.005095218466209,35.17499546119224,40.730367750022445,2447.5723999509087,1.3552933030073306,72.98793249301241,0
B0005,158,24.0,3.4597220485040103,2.6464889599704406,2.005150977015764,35.402809561717994,39.93177925904554,2434.798234207717,1.3558792688503136,73.01948908323236,0
B0005,159,24.0,3.4579843220386386,2.6821397733263654,2.000920289156358,34.71199449040028,40.8470515321891,2422.074649408234,1.3475674142820566,72.57186266998771,0
B0005,160,24.0,3.460550393090304,2.6931144102810527,2.0048132878624343,35.88449523721573,39.857938240754876,2373.5683261216113,1.3317088791557739,71.71781750598755,0
B0005,161,24.0,3.4575351791307014,2.6856696722215863,2.0013632263171606,35.07762964326676,40.67329489640951,2410.2956550965832,1.335815856713228,71.93899457522313,0
B0005,162,24.0,3.4603512121785616,2.6909873535817597,1.9971925848660856,35.177425203148736,40.62500630668828,2372.5209679938794,1.332732335338506,71.77293469029672,0
B0005,163,24.0,3.4613992462198735,2.6499013275959395,2.003489084195,35.34950602899088,40.1697269851447,2422.2819109939046,1.3394472022257626,72.13455696790933,0
B0005,164,24.0,3.4525195213513515,2.6853341365572,2.0005530656128934,34.820446276737194,40.58279071550136,2388.6069197377637,1.325931997694664,71.40670947264303,0
B0005,165,24.0,3.456553227005597,2.672363831760621,2.0000066992337726,35.50145524557521,40.23532623567207,2432.428998706596,1.3314581787294373,71.70431629134065,0
B0005,166,24.0,3.464044536585951,2.669601936070959,2.007364767860948,35.897915218624284,40.1453876158415,2351.948856756392,1.3158060500345872,70.86138693426591,0
B0005,167,24.0,3.451727109106804,2.696396109520204,1.9877456393572996,35.59537320921607,40.46079220228272,2376.0423579654052,1.3208790496283416,71.13458813068917,0
B0005,168,24.0,3.446846226803441,2.708613690594167,1.9929115791492023,34.8478250200104,40.092517743223354,2403.1101667685984,1.320075472919307,71.09131233019504,0
B0006,1,24.0,3.5230979260826922,2.674293317306109,1.9986431175353414,31.91568425673232,35.171013922881706,3694.967662656428,2.0470213817454135,100.0,138
B0006,2,24.0,3.529761488756866,2.661678449006041,1.999900491645467,32.295761593717266,35.96602606832862,3663.996925439193,2.0274149693830674,99.04219796934272,137
B0006,3,24.0,3.5285258092119176,2.655500741408821,1.9967212826878384,32.15496525319073,35.85233441767989,3653.4046183253895,2.0293416235194583,99.13631785268015,136
B0006,4,24.0,3.5264101937525028,2.670626207965781,2.003455312829334,32.53287669575023,35.08561319726521,3667.0237995927246,2.0307620467276375,99.20570761191013,135
B0006,5,24.0,3.5273591694229287,2.660914723577262,2.007179890624009,32.1772383923337,36.726268369156884,3600.5746149573265,2.0149966422372025,98.43554445528532,134
B0006,6,24.0,3.5396238972795726,2.676039816621258,1.9976780980390227,32.13508791689774,36.134451781656004,3623.0616241021917,2.005619617406395,97.97746302465504,133
B0006,7,24.0,3.5300042725771026,2.670055815596837,2.0024259911573887,32.638506740890506,36.636590332716786,3613.4319968637806,2.005986221896503,97.99537219225715,132
B0006,8,24.0,3.5290201089546085,2.6829249626846225,1.9988019142228268,32.53107282152943,37.57843854794612,3589.938826712927,1.989184545950383,97.17458565353552,131
B0006,9,24.0,3.527908931403198,2.6597002228999522,2.0018274367251925,32.595641504347654,36.227266349578585,3585.008008620225,1.98850425507472,97.14135244543473,130
B0006,10,24.0,3.5313725614086438,2.6705150877541257,2.007828897656016,32.02335329800618,36.17500746455091,3568.7026548076037,1.990838045625365,97.25536154037906,129
B0006,11,24.0,3.522391203271322,2.646520833883954,2.0025432977150905,31.901499928920963,36.48547214016913,3551.7302606761473,1.9856671429483406,97.00275535252307,128
B0006,12,24.0,3.511730086310833,2.641169226629136,1.9911329273059517,32.156724285936846,37.00537453414228,3543.87236567645,1.9747517656495523,96.46952314517401,127
B0006,13,24.0,3.5209567915789926,2.68737546391077,2.002269978157235,32.140484778014674,36.23506126372747,3561.4968795393006,1.973901733511226,96.42799782717262,126
B0006,14,24.0,3.526116242831996,2.6575010678136484,2.006164318716545,32.69571662192451,36.19283508738506,3565.692875401847,1.975189724541231,96.49091808005765,125
B0006,15,24.0,3.5164443106610066,2.669580286262615,1.9988920191500095,32.808314613561684,37.08582262637944,3523.597041845388,1.9689534311145087,96.1862659898384,124
B0006,16,24.0,3.5203338236694504,2.655988538919469,2.004978174030589,32.35959651993598,36.75151784291759,3528.259026948803,1.968319731922681,96.15530885390035,123
B0006,17,24.0,3.5173978283134106,2.6419270161702317,1.9965494222942404,33.01124711016545,35.56280853867854,3526.85433690436,1.9653904845519292,96.01221081902521,122
B0006,18,24.0,3.5274538392339068,2.6542421806617718,1.9925723042023886,33.03009049472088,36.030907749885216,3518.9333865082604,1.9579405346734793,95.64826982921016,121
B0006,19,24.0,3.5229248654817544,2.683048848193465,2.000705845094163,32.61683570713356,37.4432527860114,3492.6095385217664,1.9516890561025313,95.34287592240018,120
B0006,20,24.0,3.521664358556064,2.665742139304451,1.9912176163962685,32.22772382964625,36.942938192557364,3480.3861787992773,1.9453983084952107,95.03556366550735,119
B0006,21,24.0,3.520629088040391,2.6207621042154763,1.998801144935532,33.229138748984475,36.417552820095054,3476.382115255547,1.9381720248342558,94.68254909881078,118
B0006,22,24.0,3.517063464902003,2.6507952264025714,2.0064342113132274,32.587606923679985,36.73081365683764,3486.0175651314225,1.935957643104471,94.57437330008527,117
B0006,23,24.0,3.517879474134683,2.690889198765276,1.9904511854712685,32.6796648279142,36.84555000218991,3461.7562676051043,1.9330362126118927,94.4316571311859,116
B0006,24,24.0,3.510914615461588,2.650987847417301,1.9936025160204305,32.49581214827338,37.21007222482809,3476.9767748445256,1.932618793052279,94.41126557283012,115
B0006,25,24.0,3.505780894472759,2.619305184418711,1.9948398387741921,32.28185485988853,36.17122962311382,3492.7203691774603,1.9315789316307406,94.36046681563045,114
B0006,26,24.0,3.518101002847178,2.6929207388302694,1.9996834007014452,32.019715562492124,36.389087210155765,3466.6788755456155,1.9367808731148988,94.6145892947871,113
B0006,27,24.0,3.5164995831344736,2.6696959974550105,1.998171416071769,32.978925000473474,37.10418143883244,3446.8153462823707,1.916617795921405,93.6295933698153,112
B0006,28,24.0,3.5194201628151305,2.655250206834542,2.0069956819084807,32.484695259737165,37.014156951480025,3443.166312529742,1.9043305341797112,93.02934259318604,111
B0006,29,24.0,3.5202542584486696,2.649612613531055,2.0047717416454587,34.068728681922344,37.412484511749845,3407.181619905516,1.8963642476449851,92.64017779961003,110
B0006,30,24.0,3.5202225455420066,2.67869801734903,2.002476364730343,32.41168801733843,36.51340290183143,3404.483014819797,1.8961600334348185,92.63020163560961,109
B0006,31,24.0,3.5067849716997492,2.6464502961289886,2.0007281515717192,32.37184270602896,37.344958599497666,3421.7649542320155,1.8912847316763437,92.3920359866354,108
B0006,32,24.0,3.5100638386240264,2.6802350629708096,2.0019661488849243,33.07644762390414,37.70898132656709,3400.4549746918437,1.8916933365980095,92.41199693698549,107
B0006,33,24.0,3.5131388926713076,2.6685490172377246,1.9956900882234332,33.53633877437568,37.47622711729299,3405.6357302447223,1.8828157249259105,91.97831257241235,106
B0006,34,24.0,3.5240129227218855,2.662352278776477,2.004286051767783,32.920872694784904,37.262938312557615,3404.553210272578,1.8878437385587055,92.22393842066352,105
B0006,35,24.0,3.516467386980232,2.6612835397220467,1.994439778728204,33.23368620191509,37.29177717717059,3359.3918246512567,1.8691858302471691,91.31247220551204,104
B0006,36,24.0,3.5145796042537705,2.654907591888205,2.004176884969511,32.271415347715134,36.9276868432124,3370.4920576611867,1.8684981665012352,91.27887882187343,103
B0006,37,24.0,3.5063094422996928,2.6796134495732096,2.0059307125105943,32.77307304200621,37.356104250823996,3357.3189786611188,1.8625067977519045,90.98619166175095,102
B0006,38,24.0,3.503933065991673,2.6413535176989837,2.0010543230104405,32.60979862926744,38.01551282100348,3369.3042965127634,1.8633283634431812,91.02632635201863,101
B0006,39,24.0,3.512426940324787,2.6261685371002472,1.99911893470519,32.27482641644305,37.3176120885962,3347.7243214668324,1.8644163914082263,91.07947811558826,100
B0006,40,24.0,3.5002333344455456,2.671994146151162,2.002001549541548,33.2114333368071,37.107952996255854,3316.2378705832753,1.8420109886564173,89.98494129483923,99
B0006,41,24.0,3.504733426496721,2.672254523260694,1.9856924081494967,32.25843975527795,37.29463752751347,3317.4725988057608,1.843552963333239,90.06026902177811,98
B0006,42,24.0,3.505526742264848,2.6691645702462923,2.0015112910924273,32.61829127709184,37.629984700007064,3331.528305085388,1.8449811572004398,90.13003838911042,97
B0006,43,24.0,3.513559602775884,2.6679165504602524,1.9994332300108009,32.95656045054166,37.37516029227228,3298.162293830347,1.8408555454150055,89.92849619603784,96
B0006,44,24.0,3.503762067406432,2.6533749708647565,1.999746859434715,32.84177907740051,37.80837619057282,3327.9208717186016,1.840370119997241,89.90478245166305,95
B0006,45,24.0,3.4936679130333856,2.675403989597211,2.003532662564489,33.31708366202288,37.80611556189459,3324.4877316736984,1.8430515556061902,90.03577451812905,94
B0006,46,24.0,3.5072214488472238,2.6592091472213446,1.9996261553921764,33.33666924753324,38.06374115123198,3280.6283496392,1.8335456809687192,89.57139858526186,93
B0006,47,24.0,3.499852233657384,2.6509187916145347,1.9942989657167443,33.6368470380748,38.41754978906667,3298.6497152338197,1.8225143182508956,89.03250031989946,92
B0006,48,24.0,3.501790074131836,2.655131406151033,1.999292986645873,33.665261380622,38.31700654556875,3288.0331826256643,1.8080676591187215,88.32675981024948,91
B0006,49,24.0,3.501212951337859,2.701754204038689,2.000337777420404,33.8172943233252,37.34750607803355,3270.5709320235646,1.8086352347112908,88.354486711279,90
B0006,50,24.0,3.5003926979234596,2.6265959911980716,2.000574669557905,33.35469418067403,37.355514830948735,3278.633540061035,1.809571538084799,88.40022650578517,89
B0006,51,24.0,3.5054513341175,2.6713959096024853,2.0008095968364255,33.48940446231496,37.78613786442115,3254.6671539156205,1.80743699066199,88.29595073017072,88
B0006,52,24.0,3.4928629770207182,2.628206870882533,2.0051968452245927,33.61929501296854,37.66066503098145,3214.182429350456,1.7995027795258522,87.90835286690987,87
B0006,53,24.0,3.497566054303994,2.659774883062034,1.9945698272348293,33.48940865837563,37.34116460907849,3205.9179235302054,1.7964331834987322,87.75839859410678,86
B0006,54,24.0,3.50306395459472,2.6534699442852627,2.000878502280824,33.29822155463476,37.72195314104896,3229.9538514059295,1.7922931226377297,87.55615054247811,85
B0006,55,24.0,3.4965331384814,2.6204580091231535,2.006449648493091,33.32605199307423,37.70811554227067,3216.6574418001474,1.7919650688422761,87.54012463291122,84
B0006,56,24.0,3.4894409613233894,2.6707867538607792,1.991326942515314,33.23369688692053,37.74503645845608,3180.700960471821,1.774677558137073,86.69560435289036,83
B0006,57,24.0,3.5005203086876326,2.655528225967616,2.0008982334039,33.744125197339166,37.94274321075614,3188.9623893356484,1.7721686608862102,86.57304103854317,82
B0006,58,24.0,3.502192309885992,2.621385138455261,1.997073107490135,33.5667057671443,38.72830787419697,3190.3143572637427,1.7672669877476797,86.33358710893394,81
B0006,59,24.0,3.49603530367146,2.680287249931615,1.9981464480776345,33.35423707368089,38.258961119205416,3154.639625174276,1.764683882430949,86.20739862161446,80
B0006,60,24.0,3.4867701506659654,2.6920703720964534,1.995475962483928,33.33953189667113,39.37514430389569,3174.3113094290984,1.7672469298518356,86.33260725127232,79
B0006,61,24.0,3.4997806843688486,2.693302152591789,1.9991522464214977,33.13580039838985,38.245200612347105,3198.9403340588974,1.764606818784496,86.20363394933796,78
B0006,62,24.0,3.487056658445559,2.671036689671966,2.0092062780721345,34.05444383956732,38.07217685046129,3147.021039556513,1.7573057584776854,85.84696643370188,77
B0006,63,24.0,3.4958100852227303,2.6652147272361466,1.993677848194114,33.74667480356521,38.2890367556641,3160.1867306672107,1.7484112849220756,85.41245834136207,76
B0006,64,24.0,3.489638430546177,2.6909328325499606,1.994151949987606,33.37924400801606,38.427398010348924,3137.073649728082,1.7468581173062872,85.33658382292084,75
B0006,65,24.0,3.4884340386985953,2.69795437765583,1.9934903271491824,34.040223813724154,38.50669993043,3154.8446639494437,1.7481431986398304,85.39936193286161,74
B0006,66,24.0,3.4920435947884347,2.6869701161079793,2.0086370914331404,33.49166952213827,39.326154391004195,3163.4101045149027,1.7483056621704778,85.40729851486785,73
B0006,67,24.0,3.4919455542080176,2.6460244311593426,1.9976883014723936,33.22002173366773,37.95416908014138,3137.636899256153,1.7369542626396541,84.85276598130218,72
B0006,68,24.0,3.4892124927295107,2.669053483471721,1.9998718046982615,34.211679284578366,38.833776854276486,3133.86114115265,1.7334576372885786,84.68195069904587,71
B0006,69,24.0,3.4940586245469123,2.6743442796234937,1.9979860852944689,33.651636012693395,38.59250837683351,3083.584805591811,1.7226992825516279,84.15638927438808,70
B0006,70,24.0,3.4870400655539,2.6300994956431776,1.9952778856079845,33.791460566499175,37.821144732158274,3090.4687136108178,1.7076465655609434,83.42104194851649,69
B0006,71,24.0,3.4952264171307696,2.675257028083451,1.9988242467669277,33.92084979506395,38.92451977361309,3076.470000481648,1.7162557762228725,83.84161452966796,68
B0006,72,24.0,3.490809891384927,2.711698226296904,2.012291218028683,34.40564246239397,39.231954144772516,3079.619453860528,1.7087368485427528,83.47430387296595,67
B0006,73,24.0,3.4842502743522408,2.6797034991619264,2.006960354604871,34.03658801785584,38.27617593345704,3055.1303237431084,1.6951425727434166,82.81020354062136,66
B0006,74,24.0,3.4837777893301243,2.6962252661291206,1.9957353109110387,33.53119368957619,38.67665378609972,3063.959633132555,1.6981571081941729,82.95746802342738,65
B0006,75,24.0,3.4798512228819303,2.6704228128517067,2.003237870515308,34.22929299154081,37.8196457888574,3061.4612400327455,1.6980038277176903,82.94998004709996,64
B0006,76,24.0,3.488998616027825,2.6655176534649274,1.995842386136668,33.843846503647754,38.08771996129442,3035.7630779562814,1.6935667931300848,82.73322439290047,63
B0006,77,24.0,3.484935835861763,2.6749419183624115,1.991118161805769,34.83314845590682,39.29465327853535,3015.8904554232827,1.6867435925598435,82.39990102700465,62
B0006,78,24.0,3.4754118948313653,2.650774318051638,2.005097554588323,34.05045423256006,38.50132790880857,3057.5091810635063,1.6913466393689331,82.62476662196802,61
B0006,79,24.0,3.483591687903328,2.6482163913484422,2.005800464233218,33.20501321201612,38.244301727431754,3032.4851308430552,1.6831653401001507,82.22509814064486,60
B0006,80,24.0,3.47920000629125,2.693844020568377,2.0052302612552393,34.36509751986109,39.077598890227634,3009.26228412873,1.6622342397302015,81.20258315586722,59
B0006,81,24.0,3.4924424857606082,2.695621207737428,1.9976506737539022,34.95876242251586,38.64669152510018,3003.9664744699808,1.6692430380459993,81.54497324413398,58
B0006,82,24.0,3.47527807135166,2.648661087923802,1.99916612132999,34.84835382368407,38.72190344880013,2972.218907860475,1.662942429594794,81.2371792705394,57
B0006,83,24.0,3.475802962620206,2.688156089443527,2.0037488277682907,34.98791531779656,39.37704114922936,2996.298662913117,1.6565592876100308,80.92535341265213,56
B0006,84,24.0,3.4882060176301843,2.667198332722017,2.0019574801867406,33.86459979394391,38.44913847799482,2971.0582572175563,1.653674342423596,80.78441960452675,55
B0006,85,24.0,3.4886970727227897,2.6760308687156202,1.9980318126435148,34.67302462548815,38.624868949789,2970.8319697295005,1.6476121765934364,80.48827390305925,54
B0006,86,24.0,3.4784419889034557,2.6783376113498676,1.9919046408994092,34.00719081144529,39.138358165861064,2959.715588606775,1.6496819333522041,80.5893845596076,53
B0006,87,24.0,3.4780427177535693,2.6894057506154407,2.00056937597071,34.43196471012129,39.6077034958468,2979.9363468450206,1.6418176784397307,80.2052041605847,52
B0006,88,24.0,3.483059285549996,2.6716631206103716,2.0053950481961804,33.89186981727708,39.82048120244223,2924.1299862727205,1.6318213659085938,79.71686961653546,51
B0006,89,24.0,3.4680878463244618,2.698313901782363,1.994012058554829,34.15549711920587,38.88517504003113,2928.4750495897683,1.6297424977229782,79.61531385340791,50
B0006,90,24.0,3.470217327491998,2.676378938429388,2.0031937969083797,34.15238311715732,39.69919754493018,2932.209900933013,1.6281100946625298,79.53556856715905,49
B0006,91,24.0,3.476995948027913,2.683123839436524,2.0016577084756686,34.83624059051305,38.91035349120614,2897.710810686158,1.6189408586624792,79.08763792599338,48
B0006,92,24.0,3.487404602240775,2.653472688405203,2.0037507413161615,34.73684047698162,40.13517511120507,2937.4926274648046,1.6291860191866616,79.5881290598694,47
B0006,93,24.0,3.476661706050125,2.7136370376177132,2.004359877498595,34.5663907801663,38.70733167186876,2944.7458133012183,1.6225373089662256,79.26332980375382,46
B0006,94,24.0,3.4799018220914224,2.6796376432110005,1.9965276737903732,33.88876880240599,39.902822564900056,2921.388232483383,1.6270806471632158,79.48527854535007,45
B0006,95,24.0,3.481734405681362,2.6858337647794848,1.9919152029991753,34.464202179130076,39.12356755020393,2885.736608756226,1.5998941480393056,78.15717814706653,44
B0006,96,24.0,3.4869079356473787,2.639286878983374,1.9973324023715857,34.27562483173547,40.43871846061405,2843.0926131861784,1.6024078577648648,78.27997655786847,43
B0006,97,24.0,3.4720113597175892,2.6555877187050854,2.004445636587635,34.9928814026779,39.82234183109305,2862.0426653926947,1.590348112999982,77.69084031960406,42
B0006,98,24.0,3.4735558242039875,2.6973016706293125,1.99728998048237,35.176553565639445,39.09903123464598,2839.4888006102615,1.5801024638328636,77.19032531480318,41
B0006,99,24.0,3.4829103853464245,2.6782177786699677,1.9965297833807119,35.120148990906245,39.33567376888727,2834.258540476713,1.581408891396038,77.25414621940264,40
B0006,100,24.0,3.465539548289526,2.634464187437228,1.9908932482903767,34.426686088290005,40.02895574402095,2853.2169570910446,1.5761084444703426,76.99521160479807,39
B0006,101,24.0,3.4776007347136897,2.693780666835308,2.008763237772755,33.66597094176001,40.20870112970885,2822.0003824288483,1.5704966875851145,76.72106904159519,38
B0006,102,24.0,3.467618527660834,2.6620403017838896,2.0041285682071264,34.04313018526125,39.631195463488794,2827.8638646725353,1.572514459432744,76.81964015890853,37
B0006,103,24.0,3.4720341574271574,2.7016176214808776,2.003849479906374,35.37560460283408,39.76493422261666,2807.414240528198,1.5628178520277969,76.34594665031024,36
B0006,104,24.0,3.470242187553449,2.6716611733117457,2.0048386269338976,34.64964445033044,40.1260384177332,2783.3429555496623,1.562275107570077,76.31943278667599,35
B0006,105,24.0,3.4655137908078295,2.677972594195876,2.002883541807717,34.565125409749825,39.88645288957991,2778.2031347397483,1.5528794063005014,75.86043898459053,34
B0006,106,24.0,3.4647883163537183,2.697697561175029,1.9987783557241023,35.551280469758005,39.21220270684216,2800.7861984624487,1.5479832200948032,75.62125309970624,33
B0006,107,24.0,3.4709116712483525,2.656238300812073,1.999181179479389,35.4086432056953,39.46361862434654,2752.161496681809,1.5465615313250047,75.55180151593304,32
B0006,108,24.0,3.474769298084508,2.6542264232658432,1.9978621781770394,34.899782619470564,39.97089747917937,2776.164311760752,1.5486994677805486,75.65624285077249,31
B0006,109,24.0,3.466676545345621,2.671139941047412,2.013173703772075,34.89102789821933,40.61892672110873,2745.4371239543107,1.528573847110365,74.67307673195924,30
B0006,110,24.0,3.4683087781782715,2.691360171038582,2.002779560156497,34.92516532041368,40.77866561946627,2786.8845515144594,1.5337390130583812,74.92540267218035,29
B0006,111,24.0,3.470915964542217,2.648158417263425,1.9976809977932428,35.063980597238405,40.35391868089695,2773.7557202501184,1.5345703687598184,74.96601561881839,28
B0006,112,24.0,3.462759079706528,2.6415924385735807,2.0023274838708316,35.634394581091385,40.136146271936234,2747.3634875137604,1.5309561363441984,74.78945505878464,27
B0006,113,24.0,3.467958547921556,2.692770384389079,1.9949456554107183,35.324502871479304,40.58176147870378,2725.9798395107046,1.5035622966966506,73.45122577149746,26
B0006,114,24.0,3.469013305094055,2.6639737979051574,2.007522533592946,35.41441531199534,39.83196283993616,2704.9471308658976,1.5089193712074525,73.71292672677689,25
B0006,115,24.0,3.478173343581161,2.6680933949066308,1.9966946545209643,35.58025786343244,40.07345094627672,2734.6962521958735,1.5108665306332574,73.8080483236087,24
B0006,116,24.0,3.4623803062259397,2.6391594610897013,2.002505427163112,34.6876098950108,39.795241699891015,2686.0398709124624,1.5035683497785042,73.45152147343333,23
B0006,117,24.0,3.4614418867622723,2.662927495404715,2.0053298881487156,35.482794560000194,39.61676176532691,2714.7588277556015,1.4992555334882023,73.24083406543839,22
B0006,118,24.0,3.4682339126559065,2.6760930207481612,2.001923842721025,35.031496499829515,40.36587317474365,2702.214850799523,1.5046149197119931,73.50264795129145,21
B0006,119,24.0,3.464979584168055,2.69625393182306,2.0004723499590984,34.31112688216316,40.51617660058872,2641.397558481368,1.476013956719715,72.10544891627741,20
B0006,120,24.0,3.4586099455336012,2.662061244155113,2.00005401042428,34.44703388078239,40.74156183902347,2659.4625263453786,1.4792887114119573,72.26542549109217,19
B0006,121,24.0,3.458965162837254,2.710755131915888,1.9997177945155644,34.9056660967411,40.69027343724432,2662.408741443139,1.4768047659707422,72.14408110928132,18
B0006,122,24.0,3.46375339528836,2.663889783077496,1.9971165075553625,35.52219771876809,40.53426670543668,2651.8079947788115,1.4773495673537205,72.17069545673448,17
B0006,123,24.0,3.456874691258119,2.6639331189835795,1.9977525828511515,35.356914427970075,40.69350113528405,2667.022554428739,1.4770629176882275,72.15669219970702,16
B0006,124,24.0,3.4570400030698067,2.7091100818340035,2.0073979518682545,35.47729837839593,40.516727379253815,2621.768272914185,1.4613962117606367,71.39135061278952,15
B0006,125,24.0,3.460121497926369,2.6823597894114672,1.9994573168365741,36.156047756777376,40.70733951588146,2648.350454615946,1.466136038170542,71.62289809207691,14
B0006,126,24.0,3.4641729245310655,2.6672822129769864,1.9960710186530861,34.89108906092225,40.16856100781171,2638.6235094295016,1.4622167658327514,71.43143588397585,13
B0006,127,24.0,3.4534427338861886,2.6763110465895537,1.9974185120156924,35.51867176390636,40.89104643692603,2591.0147518719464,1.4399603320514252,70.34417641615588,12
B0006,128,24.0,3.447999025551464,2.706177092406194,2.0055018534034863,35.61564871176789,40.992708179499495,2596.2536675059473,1.4460413345507983,70.64124231657104,11
B0006,129,24.0,3.4478834087787407,2.7083374979459807,2.003378033165822,35.18710373980072,40.30730993451863,2608.8995380931674,1.4481257923092714,70.74307113853948,10
B0006,130,24.0,3.4507967776455133,2.662826599222977,2.0028016458911613,35.51082623503906,40.691910098837596,2609.408171821706,1.4450857587090002,70.59456103369244,9
B0006,131,24.0,3.447832343249264,2.6793920510623117,1.998712394005451,34.98890753803357,40.52671510740839,2592.4874821607773,1.4230891638165575,69.51999507709813,8
B0006,132,24.0,3.454210256513432,2.6818098124307386,2.002866812350865,36.16476359219649,40.53781479212391,2584.2461681093114,1.4278638121012992,69.75324365609785,7
B0006,133,24.0,3.448951702904118,2.6603167563208254,1.9967821943752468,35.33234120272672,40.244184687434114,2583.5138199831367,1.4271522059643884,69.71848065150705,6
B0006,134,24.0,3.451929677503872,2.678708918025809,1.998701929843271,36.391274355368445,41.40450651519267,2623.2411103490485,1.4316185707923024,69.93666913100918,5
B0006,135,24.0,3.449367914147704,2.680811119779988,2.0048490224369586,35.671569778947536,41.44558859871272,2552.264167546075,1.4136248835525318,69.05765109044393,4
B0006,136,24.0,3.450666587443585,2.7036565388796046,2.0043713883945955,36.11350334226407,41.20509281525286,2546.3713863417292,1.410612074262252,68.91047093311158,3
B0006,137,24.0,3.4593743762470015,2.7050437587304694,1.995090450770246,35.686109832113026,41.92933928225122,2548.0863463237224,1.4097367334493875,68.86770924919999,2
B0006,138,24.0,3.455899779295155,2.6743797954936186,1.9957223677354572,35.70338048239166,40.85961450544364,2519.868037655639,1.4083347373997015,68.79921968371775,1
B0006,139,24.0,3.4512144680606536,2.677267408729074,2.000543510764067,35.55196485946607,42.56331666456181,2506.9550380707287,1.3964519792316723,68.218729500567,0
B0006,140,24.0,3.4474598921863593,2.6953798366054067,2.0086306618733474,35.89892843946185,41.02127378260551,2485.916127478721,1.3852825924883923,67.67308855890978,0
B0006,141,24.0,3.448454733847307,2.670047872169291,1.990422174177655,35.93739641550536,41.207859259531,2515.7939467099327,1.3922665205842442,68.01426370041695,0
B0006,142,24.0,3.4499187912913376,2.694460779458117,2.0013916646978527,35.60885376723818,41.031187270768896,2469.0848873005816,1.3731652809632775,67.08114009988671,0
B0006,143,24.0,3.45088377934319,2.6810566966620444,1.9931197833421344,35.887761402787454,41.4365350055387,2469.1129256279028,1.3705775412476602,66.95472521537725,0
B0006,144,24.0,3.4443177152066005,2.6630697073503864,1.9968283450323723,35.650881922196184,41.61103608876849,2496.4658499048046,1.3778633503347653,67.31064768653839,0
B0006,145,24.0,3.448331586893552,2.6636035924962145,1.9981778579096787,36.848704838302844,41.181494084082665,2482.722462680748,1.3720973342223255,67.02896933359791,0
B0006,146,24.0,3.438460810728955,2.7114936104917136,1.9978974582828155,35.870400080566355,42.09674977493347,2474.248714063896,1.3759302939497302,67.2162150439547,0
B0006,147,24.0,3.4463778095020055,2.6807438741846727,1.997331020301704,36.68276931278331,41.53914324512297,2418.159079202794,1.349005003142204,65.90087505544086,0
B0006,148,24.0,3.448738642843267,2.716835923224577,2.000036035301882,36.00521202927019,41.57985730851279,2439.4900667272573,1.3458116365291442,65.7448744077907,0
B0006,149,24.0,3.4433263896182016,2.6738365816846597,1.9973237221668472,36.19683188448887,41.00299025657636,2431.114618383925,1.344170139261265,65.66468485615646,0
B0006,150,24.0,3.4542099350413835,2.6897731839983563,1.9926877130757292,35.5453439684291,41.641102333391466,2401.295931016884,1.347438768495175,65.82436219333809,0
B0006,151,24.0,3.4402384441169693,2.731995679918705,2.003899348062614,35.91822841825367,41.39572966292973,2413.6031096861266,1.3435002326498615,65.63195893461125,0
B0006,152,24.0,3.4450603315926562,2.663263013300279,2.0037643608357443,36.21350365154099,41.201599846298414,2410.9200582633125,1.3380207368517008,65.36427751970152,0
B0006,153,24.0,3.443746289689266,2.6464735446329657,2.0042158715501133,36.76598168809933,41.12053633687967,2419.4189181079078,1.3376313735283847,65.34525654968195,0
B0006,154,24.0,3.44318325655899,2.7102579046672615,1.9922963275186796,36.23192535605255,42.860058016521066,2417.853055459591,1.3356675183530524,65.24931934097249,0
B0006,155,24.0,3.44255735995013,2.668212229576077,2.001494590762921,36.72329754654981,41.42800724434063,2400.2969129834137,1.3311324016476562,65.02777223131166,0
B0006,156,24.0,3.443027147408229,2.6845892238146027,2.0033798942790346,36.45669377568842,40.87204346508571,2395.455660698562,1.3259316376267662,64.77370727296446,0
B0006,157,24.0,3.443420018873702,2.674609545728415,1.994843989657802,37.01030972827947,41.463354860125165,2339.0011991326332,1.2989106372760892,63.45369173274389,0
B0006,158,24.0,3.4463225320123705,2.6915897152867077,2.0000458662409106,36.32355827319012,41.77044962707809,2331.656625682975,1.3009802227809353,63.55479402328672,0
B0006,159,24.0,3.439730803306276,2.667092454044766,1.9994186667734481,37.288470466878465,42.04984202646523,2342.372331053352,1.3034951649549837,63.67765264100688,0
B0006,160,24.0,3.4437754269227705,2.6825216596175685,2.0092107532928414,36.14029688386253,42.056672080900235,2345.9415261009767,1.3031425879452083,63.6604287364146,0
B0006,161,24.0,3.4357751085720403,2.6952827292097807,2.009622480185063,36.04778598775897,42.14413490447232,2339.042370489681,1.2997569773555335,63.4950366882481,0
B0006,162,24.0,3.4420584200018234,2.6665423651792377,1.991678218033349,35.92100400869115,41.55093671143702,2295.778710971919,1.2911457247436506,63.07436435484334,0
B0006,163,24.0,3.4350871679123993,2.672439469194468,2.0124696350286397,37.305347843109566,42.00080418773256,2327.9187297832373,1.2966005443373216,63.34084030093335,0
B0006,164,24.0,3.443344477757096,2.679895872097367,1.9954238713942334,36.749002481367704,41.456934871038776,2319.9487083862496,1.2883920131055069,62.93984149823323,0
B0006,165,24.0,3.4474361338473307,2.6588705195313285,2.004903366471637,36.35997109255037,41.681671023029644,2292.7319180352524,1.2760847043965766,62.33861139782088,0
B0006,166,24.0,3.4352943984911883,2.6791868531716068,2.0048524899043185,37.016177818059205,41.563237165162946,2286.227608838525,1.2721833143173327,62.14802276430511,0
B0006,167,24.0,3.425247321119905,2.689891915368481,1.995021548865791,36.776995022497886,41.40836310396856,2301.7329171361325,1.2746739147633688,62.26969225287257,0
B0006,168,24.0,3.4319414671574737,2.680136288438752,2.0024663389691955,37.361723061012725,42.63246750771233,2255.7823880207484,1.2622037476813766,61.660506281822315,0
B0007,1,24.0,3.5298400136616737,2.6718410124566794,2.0001451978575266,32.37309666137897,36.235438233228585,3358.184853227614,1.8784589597851582,100.0,161
B0007,2,24.0,3.5392114980059395,2.6629341328258636,1.9987506387045721,31.691948547304737,36.787345262207396,3357.9326171489793,1.8750110879344408,99.81645210651226,160
B0007,3,24.0,3.535283874701371,2.652219156924236,1.989806947467138,31.722689982042965,36.31039279113403,3375.97208126673,1.8759001270389837,99.86378021554077,159
B0007,4,24.0,3.5263130914756933,2.635935812809148,2.005608920754923,32.34537502772436,36.537009724641685,3385.775389608482,1.8737515210625455,99.74939890498587,158
B0007,5,24.0,3.5261889161400464,2.629470238759477,1.9995944642172532,32.001654188879996,35.672359217292374,3385.3128686870173,1.8732096430166598,99.72055195876631,157
B0007,6,24.0,3.5284819917244716,2.6413290549825987,1.9975759980024888,32.11785460709328,35.699758635261084,3358.843964030082,1.8607693214404621,99.05828986826951,156
B0007,7,24.0,3.5214620027813446,2.659937872226222,1.9971983638358513,32.717594807902124,37.085322645769956,3331.7704059236853,1.857129866047058,98.86454300068715,155
B0007,8,24.0,3.531997354010135,2.658266109141558,2.001792297881834,31.884560651733324,36.29583236901528,3350.1939844795097,1.8610142983296944,99.07133124391181,154
B0007,9,24.0,3.5281262803590963,2.6094746491855463,1.9955312183085276,32.21324017687601,35.92401563228471,3347.078985669789,1.8621661797890818,99.13265179890118,153
B0007,10,24.0,3.528217409667981,2.6355124133891743,1.9887241222076297,32.52896559200387,35.88545538595037,3357.275200014653,1.8668294702594854,99.3809026561324,152
B0007,11,24.0,3.5283630639762467,2.6761188327771657,2.0020356490160416,32.567088804759386,36.00002751838773,3363.541165488038,1.8516579150186894,98.5732429965074,151
B0007,12,24.0,3.532582057710105,2.653997137638779,2.002595514989784,32.22569533491527,36.03157435870846,3293.485292499623,1.844397386697043,98.18672785419751,150
B0007,13,24.0,3.5257116499785726,2.6237170724508863,1.999001840876612,32.13130773321246,35.68758621276953,3328.492178506742,1.85111796152532,98.54449850408416,149
B0007,14,24.0,3.525416071984664,2.698723914096355,1.99426048562405,31.497372670718622,35.5069882731924,3365.48940800934,1.8596184302229988,98.99702202893407,148
B0007,15,24.0,3.531378481703022,2.6518872119191412,2.0004446777044462,31.873427590786275,36.297065261642594,3296.116723418355,1.8433917199132546,98.13319105593266,147
B0007,16,24.0,3.5280070582144627,2.660418956732465,1.992677338158432,32.455216996173554,36.14070147223134,3299.391706499379,1.8383599543768736,97.86532438202052,146
B0007,17,24.0,3.5221207543366515,2.660500233705475,1.9948638470165616,32.24601575457174,36.955137816253156,3308.683115889349,1.842565940751591,98.08923059795396,145
B0007,18,24.0,3.5222723144486534,2.6457495377946527,1.9962465103174791,32.40214448556928,36.64276986549052,3293.139423219708,1.8313826494725098,97.49388667410479,144
B0007,19,24.0,3.522700649529632,2.6387590283835967,2.004219695354458,32.812961686256585,36.66233916324294,3265.437363884667,1.8274315118215334,97.2835473621707,143
B0007,20,24.0,3.5230248558047244,2.695947183268639,1.9981869452478154,31.946712784453506,36.19062916699399,3291.3937759448386,1.823591380577649,97.07911749033981,142
B0007,21,24.0,3.514607353653382,2.6735079762291236,1.9977606679411177,32.31879093951921,36.490503205993036,3294.834231610819,1.8249110679850677,97.14937121616887,141
B0007,22,24.0,3.5128986910033264,2.6701942984052396,2.0097734625770562,32.52615091133242,36.78138925310629,3281.861669763361,1.819020022160051,96.83576064755201,140
B0007,23,24.0,3.5139981754792857,2.666151733598645,2.0017623124859436,32.27344999668388,37.09824983214125,3231.569583904804,1.8025695494550946,95.96001765517714,139
B0007,24,24.0,3.514071550379686,2.634375555154869,2.0016949725523743,33.105619201023295,36.663758560677266,3252.184123091073,1.8060480340162575,96.14519522017227,138
B0007,25,24.0,3.515510047628384,2.6800589367555068,1.9981514962739562,32.90443467112942,37.26089515697433,3235.1349104442024,1.8047925077987437,96.07835712339225,137
B0007,26,24.0,3.5222213655305756,2.637518221911715,1.997018141661816,32.64175833946948,36.704934665965936,3247.9736801406953,1.8072014611401488,96.20659805880672,136
B0007,27,24.0,3.517058862557155,2.660504332627501,1.9890679677999143,33.298324311470054,37.170599025577,3269.6929603816648,1.7985505230411676,95.74606427637205,135
B0007,28,24.0,3.519650871076473,2.6217446426701394,2.0048437026596178,31.94433478168767,36.480264420414386,3249.2417953476997,1.8043368692687531,96.05410114869464,134
B0007,29,24.0,3.5117942568561262,2.614016513424515,2.002241548528782,32.57695234005352,35.867096286710066,3219.7449526776354,1.7986432507319128,95.7510006467017,133
B0007,30,24.0,3.5167291872564146,2.6607508647446547,1.999104170033933,32.672739670564695,36.83578600466402,3255.5259457819902,1.8071227309289062,96.20240684606648,132
B0007,31,24.0,3.520584052635781,2.6387589089252788,1.9993138664908188,32.227085293583684,37.15320511464165,3213.633838071646,1.7966170983125531,95.64313816672548,131
B0007,32,24.0,3.520080717818487,2.615374266363013,2.0036807213113055,32.73919995140215,37.11289251213719,3208.5526869318956,1.7925210237886784,95.42508312205507,130
B0007,33,24.0,3.5123391333515017,2.6664273890619645,1.9922264496346007,32.23119088284764,37.10952517120244,3195.354082877916,1.78387273884286,94.96469058056417,129
B0007,34,24.0,3.51693982981512,2.697949008267727,1.997050593342231,32.941910068915035,36.713289372496284,3206.6130535719526,1.7851542751971599,95.03291333026144,128
B0007,35,24.0,3.526590364208022,2.683552755195357,1.9943184856855374,33.11451991010225,36.51847487807813,3220.046603125666,1.7811067045510154,94.81744039564872,127
B0007,36,24.0,3.515606474534041,2.650575856622559,2.008857546412434,32.795599079796006,37.19141842698145,3216.006241536038,1.7818501492032142,94.85701776561606,126
B0007,37,24.0,3.511766501817491,2.656083931514657,2.0043782776592667,31.967723919660266,37.15834776901413,3208.8879264716593,1.7783572203044162,94.67107125448241,125
B0007,38,24.0,3.5139493645395716,2.6738268545411255,1.9889865367943231,32.342010120187226,36.691187159449605,3178.921877142834,1.7752254142370514,94.50434916289501,124
B0007,39,24.0,3.51506176034978,2.67860221047184,1.9924311918668,32.96504201030228,37.54025610661871,3184.3289891121417,1.7735826135798203,94.41689446239843,123
B0007,40,24.0,3.512443328549775,2.649849617442195,1.9993382716332126,32.81491927565001,36.633820333719626,3177.45432813077,1.7629857286264015,93.85276795336729,122
B0007,41,24.0,3.5130158889150054,2.6574144893471363,1.9976377989396379,31.730111156840373,36.785187915827635,3163.5887904086003,1.7627853278830146,93.84209959447965,121
B0007,42,24.0,3.506622277198425,2.662476491662047,1.9933780889596155,33.27283561675806,37.85248389045185,3177.9125715752316,1.7678267045443046,94.11047791784034,120
B0007,43,24.0,3.5084212290848984,2.667783773821445,2.0097238111882523,32.85941229240577,37.507290555405945,3180.473843300096,1.7632519238400814,93.86693888919176,119
B0007,44,24.0,3.513060217968943,2.6538157134980542,2.001562699569913,32.44963921499354,36.85735412117923,3176.412625433708,1.7675801198065153,94.097350948177,118
B0007,45,24.0,3.5106982803405233,2.6549884470223706,2.0023740816143154,33.28480046987615,37.326114662621094,3153.977925390701,1.750326128641206,93.17883254906954,117
B0007,46,24.0,3.509327882456152,2.684733115062907,1.996539925253839,32.58536021097553,37.219231077112966,3183.1082695650884,1.7551207459582194,93.43407460756848,116
B0007,47,24.0,3.5109622269361496,2.681451496102245,2.00361137073589,32.595948999364786,35.78896619605328,3152.4001065589596,1.7527655491909804,93.30869541016996,115
B0007,48,24.0,3.512412856399418,2.666705098619783,1.9980978361950898,33.00216751853297,36.69186496943311,3176.212766266684,1.7547348328449421,93.4135304742369,114
B0007,49,24.0,3.5152280606125905,2.692069784068471,1.9985832841314626,33.63492770385845,37.2045931183274,3148.8583082438163,1.7447043095745587,92.8795543009416,113
B0007,50,24.0,3.5091448267081646,2.6504147306017534,2.003055009799126,33.62667237274299,37.12467759712545,3102.9445384071882,1.736085093505272,92.42070924476468,112
B0007,51,24.0,3.5108461515657785,2.6909192147568723,1.9918550121746985,33.15905409367584,37.477110607900805,3097.6673929796725,1.730110804677014,92.10266722435549,111
B0007,52,24.0,3.506182476556831,2.6692941176451104,2.007985139299255,33.198211316468104,37.91575056037792,3102.23768724887,1.7304120141638437,92.11870214943387,110
B0007,53,24.0,3.5113393572778815,2.7240289709803363,2.0009119460736193,33.349613397159246,37.21658387344012,3096.3180570497807,1.7273003226687624,91.95305085964274,109
B0007,54,24.0,3.510090351505945,2.634865681457197,2.006404721043902,32.54304492899385,36.86562380079402,3104.1504676517575,1.7252804521351999,91.84552279665043,108
B0007,55,24.0,3.5119411845181467,2.645168255154754,1.9946229012169059,33.33227855875289,37.59525146111166,3106.565110747817,1.7207474722369942,91.60420903919021,107
B0007,56,24.0,3.510995372450207,2.667404728508817,1.995384174379859,32.789823246119305,37.28129184438505,3113.6685546882713,1.7193562102431668,91.53014503121281,106
B0007,57,24.0,3.5101774448245497,2.6670511743755223,1.994190498892001,33.220170424631704,37.379007180139816,3096.81972372252,1.717887276328691,91.45194614872864,105
B0007,58,24.0,3.5056320997856707,2.6985531049519165,2.0012514883633243,33.055051981167,37.38216518337004,3070.412741027685,1.709498852426935,91.00538734274252,104
B0007,59,24.0,3.506981331062573,2.6463298523630687,2.000329916509591,33.364164854332856,38.67249426465505,3040.862669436939,1.7067201600507707,90.8574633031094,103
B0007,60,24.0,3.509783936507698,2.678311813627701,1.997677940903844,33.27285457646143,36.513798790112816,3055.5975041361785,1.6969659225027325,90.33819523514192,102
B0007,61,24.0,3.5018742096375437,2.6831954270998164,1.9949296540355737,31.9643279324127,37.397219769421966,3064.01795135529,1.7020174435832585,90.60711359794202,101
B0007,62,24.0,3.50110921326223,2.674392455782127,1.9936670186513459,33.307496581207765,37.64607534921006,3054.35497063805,1.695339466297203,90.25161063359623,100
B0007,63,24.0,3.505249828068387,2.6410430047300593,1.9997575804976466,33.48841296914521,37.251497804825945,3084.4486725036195,1.696030593354483,90.28840286978962,99
B0007,64,24.0,3.507302304567681,2.688064813658542,1.997672066102057,33.3675278457504,38.0354549246175,3083.483078624239,1.702707850239635,90.64386748350232,98
B0007,65,24.0,3.5001421217862716,2.6848814369132716,1.9965719650382088,33.19435821595218,38.05381896527396,3063.5421132512542,1.6954256663763914,90.25619950570011,97
B0007,66,24.0,3.5026269130649297,2.672791400043009,2.007735447430658,33.952829834436315,37.70407623430794,3020.1627208511363,1.6858854876678948,89.7483268870943,96
B0007,67,24.0,3.50254525619888,2.6648808537161695,1.9995883716090364,33.41981724828752,37.591687117846625,3027.096601714933,1.6859952905293802,89.75417225629512,95
B0007,68,24.0,3.491946868929816,2.665312852397754,2.006350214669635,33.46995238370123,37.67053233438282,3033.477982358673,1.6860559174792227,89.75739973962801,94
B0007,69,24.0,3.501058299418528,2.6595627764092833,1.9973337390865866,33.75429582810877,37.72960543382749,3011.471406656343,1.6795013963980545,89.40846898194364,93
B0007,70,24.0,3.501882082800067,2.673748233899329,2.0012238814189933,33.456940945591775,37.7100184802213,3037.5822559651015,1.6833751600501803,89.61468927927551,92
B0007,71,24.0,3.501005425812894,2.6618999408480954,1.9997226199187184,32.99406215333787,37.71035945551301,3023.701799029778,1.67686009238419,89.26785882913167,91
B0007,72,24.0,3.507821323687887,2.6447327995669467,1.9915118884524095,32.42906092336812,37.99875250913615,2987.5291486067094,1.6688076475014053,88.83918590865936,90
B0007,73,24.0,3.492843875848439,2.6414590201670545,2.0071416915313196,33.30085400682555,38.36554252259097,2997.0546294125484,1.6550568770978369,88.10716190930931,89
B0007,74,24.0,3.4950168318838277,2.6473032970310135,1.9993242319648379,33.78566086283959,37.359913462850244,2983.5910230270265,1.6566979822332741,88.19452634848902,88
B0007,75,24.0,3.486081838511758,2.666785517849647,2.003732091098165,33.33990622727187,37.44952773016875,2956.1593933845124,1.656719700325359,88.19568251386445,87
B0007,76,24.0,3.496331772003368,2.6619663411376,1.9962398563876922,33.82112629286924,37.12661424386697,2975.794180513145,1.653646846326844,88.03209874310876,86
B0007,77,24.0,3.49788879406618,2.6663600711310513,1.9991757780921011,33.50587470220123,38.361709942622966,2996.1683939141517,1.6621946094862825,88.4871399946044,85
B0007,78,24.0,3.4977416711897917,2.6718996398423367,1.9956657382003833,33.941231688674634,38.02650199402157,3012.31939405001,1.6654041714602632,88.65800143170217,84
B0007,79,24.0,3.5046798655861853,2.6497969899261555,2.006179992413817,33.36312233049094,38.227579109085326,2977.0150986714357,1.656709580399075,88.19514377831045,83
B0007,80,24.0,3.5028270600102407,2.6919036144074844,2.001557046737253,33.69789525549637,37.29971664731066,2986.093290411263,1.652041231333086,87.94662362610424,82
B0007,81,24.0,3.498549564610416,2.6573816710634186,2.0018352676334046,33.73066053833833,38.930216078138976,2971.5322335009478,1.6492917242774412,87.8002532706955,81
B0007,82,24.0,3.4961620643341393,2.6541254084636345,2.006790920735525,34.13591452816422,37.74260625140964,2947.024064486258,1.6481943797899008,87.74183599829122,80
B0007,83,24.0,3.5025866412261233,2.672665447592413,2.005781706484495,32.87947181895801,38.166938558877916,2937.9095671848595,1.643965038215054,87.5166864653288,79
B0007,84,24.0,3.4972239945772037,2.626340682401945,2.0038267126806812,33.38514306411234,38.51853416225066,2974.1668410420643,1.6429602461054578,87.46319623045505,78
B0007,85,24.0,3.4918632297977608,2.6478074790086,1.9928913632648126,33.973586602522445,37.68541700259136,2956.6496872116686,1.6326166247421903,86.91255224063637,77
B0007,86,24.0,3.4874423040211364,2.683212037010413,1.9965216044024165,34.249228316300616,37.90133078659588,2944.4920715917456,1.633138018408708,86.94030869833283,76
B0007,87,24.0,3.493788367841907,2.6288535852942037,1.9949805593199432,33.72827147011032,38.265909707371755,2961.694748575036,1.6329217487540753,86.92879555595053,75
B0007,88,24.0,3.4995145043774443,2.68605496942203,2.003637668468129,33.52733659223549,39.62129421507114,2951.6565715914653,1.6310041243643563,86.82671057934085,74
B0007,89,24.0,3.506798424508424,2.694056438902899,2.0008532597087503,33.962892256555776,38.36395558354068,2941.631699216315,1.628542926818955,86.69568841712749,73
B0007,90,24.0,3.4964251537945845,2.65616405241807,1.993047437831847,33.97386017103808,38.97168604324257,2927.2518525509718,1.6338452916010981,86.97796047606828,72
B0007,91,24.0,3.491510329619614,2.66970141247044,1.9990562789349438,33.51995418316272,38.82126171210216,2956.2787859779833,1.6279485303958323,86.66404564846192,71
B0007,92,24.0,3.486820562016916,2.6872835864736855,1.992529438321406,33.920344298070845,38.568300182513696,2903.0837621809737,1.6083551337210276,85.62098870155658,70
B0007,93,24.0,3.495466161755991,2.6555816613293444,1.9997342175596513,34.262304315790566,37.89219332861903,2888.720936411718,1.6080602877949404,85.60529254143813,69
B0007,94,24.0,3.4830055936718596,2.6826240408370112,1.9917231374800641,34.5884072484883,38.972841673647146,2872.540544811309,1.6014247749393824,85.25205017641373,68
B0007,95,24.0,3.494575454941436,2.6518475323236217,2.0026441374669233,34.12950297084236,37.69422614537364,2886.3490668661793,1.6013873945241508,85.2500602252872,67
B0007,96,24.0,3.4949156093489466,2.6561171336062834,2.0018898131301706,33.89795709541988,39.30750627751007,2843.868628057764,1.5938525079613004,84.8489395873515,66
B0007,97,24.0,3.4928891133895306,2.649730184264154,2.0095397424667345,33.86439955566325,38.61470882221368,2877.8057001370626,1.5929503338926498,84.80091223684958,65
B0007,98,24.0,3.4901860757325593,2.672339190346995,2.0042393664474867,34.08130818644934,37.15268764444676,2860.854336506959,1.5973099437374274,85.03299661761649,64
B0007,99,24.0,3.493948792875864,2.688709745208059,1.9978854287208876,33.81977456181798,38.31780521756376,2878.535733019797,1.5960981174374629,84.96848489146713,63
B0007,100,24.0,3.491856785508268,2.6619169038966057,2.0040903504663725,33.94775570428287,38.822839916693354,2863.492185364573,1.5951758280138584,84.9193866975034,62
B0007,101,24.0,3.4868326263574607,2.640285718575046,1.993011680595274,33.46213370698298,38.39520034720723,2863.555644981653,1.5930677364847352,84.80716217866886,61
B0007,102,24.0,3.499900768593108,2.6440863807617703,1.9951876369815946,34.40768494349727,38.875985658697864,2855.153956509145,1.5925042247781227,84.77716356178787,60
B0007,103,24.0,3.4884208087118185,2.6738203061834622,2.0016657126603756,33.45532423986669,38.123518757112066,2857.700188471421,1.5889547944106295,84.5882091878313,59
B0007,104,24.0,3.4933821520033206,2.7030809720674567,1.9892087516862604,33.77099255176738,37.93879182153763,2879.262831128839,1.5838456321880992,84.3162222915557,58
B0007,105,24.0,3.476383253796445,2.6744839699023184,1.9998141960753306,34.032173694264394,38.62179248504109,2857.721727862369,1.5760810185870218,83.90287210572225,57
B0007,106,24.0,3.4954191367946588,2.6586473560346735,1.9948986835394078,34.76262919767926,38.637428761276695,2849.889718962233,1.5803180747985006,84.12843232834022,56
B0007,107,24.0,3.4950757280309546,2.682230915613933,2.0005065352757665,33.859795159290336,38.530965628777196,2826.4364078754616,1.5704532343660755,83.60327630185172,55
B0007,108,24.0,3.4872114046749023,2.6623851329925574,1.9946113182097638,33.79460635893091,39.36166248600786,2830.36592180037,1.5653905021888759,83.33376111490408,54
B0007,109,24.0,3.4896443914471407,2.659694081143335,2.002121240687276,33.85084749194079,38.33646199092954,2831.7716535207473,1.5637900542272967,83.24856106551029,53
B0007,110,24.0,3.4902545600853876,2.6478460242151547,2.000096637118337,34.70538362653172,38.87901581631578,2810.695404952266,1.568412600380766,83.49464289388293,52
B0007,111,24.0,3.483648518327969,2.695424002414458,2.0070018295844068,32.94566426614128,38.79478907030673,2813.822448470881,1.563880017491869,83.25335027126341,51
B0007,112,24.0,3.487047510997175,2.6174910818620956,2.000033672670508,33.79193362058162,38.145680457853366,2752.9469545439392,1.5445979599930335,82.22686750471733,50
B0007,113,24.0,3.480807835622684,2.6840167888167663,1.9961567859751927,35.25966806100557,38.230021677954745,2804.458775977526,1.5486734690686734,82.44382774515326,49
B0007,114,24.0,3.480506437220585,2.6593050125085247,1.9987655707208636,34.46594218113368,38.97874131044034,2800.8867826480673,1.5388396771014192,81.92032458762998,48
B0007,115,24.0,3.4899446842442243,2.660069197959703,1.9932788180149164,33.7507275309125,39.914762013541065,2781.4512911005845,1.5445833620729101,82.22609038259564,47
B0007,116,24.0,3.4891893516097205,2.702119877859868,2.0020306862735273,34.17606177563155,39.21340686395135,2748.4578355562917,1.5446294374610205,82.22854321170168,46
B0007,117,24.0,3.479255848810607,2.6546022876275246,2.0029492512315765,34.29317096301021,38.15876810287176,2768.668737527357,1.5330752109881676,81.61345250595772,45
B0007,118,24.0,3.480354311036375,2.6547897398178795,2.012345980183464,34.545384846175985,37.38733563119199,2762.772661502567,1.5424077772193354,82.11027284810856,44
B0007,119,24.0,3.4789044294160236,2.666539150250284,1.996890820046978,35.033445004570034,39.4300524010902,2740.6676266995073,1.5281210379580412,81.34971647891707,43
B0007,120,24.0,3.485660079253133,2.6774781951479225,1.998661027131624,34.459570364312995,39.024092847604315,2758.172208221194,1.527096423541294,81.2951710010183,42
B0007,121,24.0,3.4771690578679593,2.6602952916453377,1.9971212073778088,34.079973553738256,39.63181815134644,2754.933815836225,1.528397502196408,81.36443408756787,41
B0007,122,24.0,3.4830296230484126,2.6380243974479893,2.001060568505656,34.6550229038841,38.67989320903737,2731.2347508527146,1.5214202124904408,80.99299718874069,40
B0007,123,24.0,3.483462665026632,2.6527946639929807,2.001908452672398,34.13373423452877,39.39248666662781,2708.1604041978217,1.509946938159359,80.38221598048933,39
B0007,124,24.0,3.4796737645351534,2.6955806804146425,1.9997331257778574,33.981145395846674,39.61572725717032,2725.052349060624,1.5128693379068396,80.53779030018673,38
B0007,125,24.0,3.4840469438802697,2.6718968856243324,2.0054316295843653,33.744198432212045,39.04048415555625,2701.8040951003404,1.5044144879933476,80.08769529707529,37
B0007,126,24.0,3.4773957373231523,2.679454830405836,1.9969151024812262,33.82591881001098,39.05625077196599,2690.227900421496,1.5038146985697451,80.05576543134796,36
B0007,127,24.0,3.4786965819113913,2.664865231889995,2.0049308702394537,34.052660661564964,39.22761638090209,2713.425374019665,1.5102299009676892,80.39727954133298,35
B0007,128,24.0,3.4748918227148433,2.6568988245283336,2.002692489268205,33.93953750713552,39.48554272556798,2723.6736464186306,1.5103220872610015,80.40218709030188,34
B0007,129,24.0,3.482356123805702,2.7046432941704674,1.9999398504005053,34.65632323170504,39.36753782541758,2681.7818340136205,1.4913629922310638,79.39289727158229,33
B0007,130,24.0,3.4730518777667543,2.667482370858319,1.9984253167962143,34.06978422959124,39.886391448774226,2658.001374888713,1.4884466688124645,79.2376464260204,32
B0007,131,24.0,3.478718913006463,2.6623445808423023,2.0121333387936566,33.287970891131486,39.16294895462167,2695.2044630352493,1.4890936076192314,79.27208629511613,31
B0007,132,24.0,3.4755313243037573,2.693567685471352,1.9959149567462895,34.17981586747363,38.79897650034767,2624.56043477863,1.4809125590737668,78.83656714241661,30
B0007,133,24.0,3.4705483452137282,2.6572278886109375,2.0014896658848422,34.41226763550568,40.45650301018225,2657.917763957104,1.4803406896014057,78.80612359882029,29
B0007,134,24.0,3.472747045060456,2.659788428812691,1.9962489046487892,34.35977728743174,39.16695924183615,2655.042190270111,1.4801917594935665,78.7981952857175,28
B0007,135,24.0,3.4828761132769674,2.671820232847632,2.0089281037431066,35.201645771799,39.17422682490823,2668.870205496716,1.481470845738136,78.86628760351377,27
B0007,136,24.0,3.4754132413938903,2.6722434206094765,2.004434131643996,34.423145199609884,39.525181303897966,2653.8875368042495,1.4697014498262269,78.23974232550273,26
B0007,137,24.0,3.469149287637432,2.677514211220358,1.9966082506057943,35.03100749675491,39.605108036793965,2659.5075675206886,1.4681144974426517,78.15526071490866,25
B0007,138,24.0,3.4747308703058803,2.714551690240255,2.002562974967156,34.71860397440907,39.441587531131084,2618.437073350936,1.460623970250677,77.75650155368476,24
B0007,139,24.0,3.472479687644156,2.679440861806196,2.0012884786063827,34.708985735228765,39.62582655218923,2638.0039232313743,1.4606695489840955,77.75892794331553,23
B0007,140,24.0,3.4910623140901493,2.6249220879134127,1.9974168761901263,34.36382794467222,39.57742563123448,2640.059928748283,1.4650681405167003,77.99308751915784,22
B0007,141,24.0,3.474277569886123,2.679385198596867,2.003790821086141,34.71959330675594,39.74488482002807,2598.6562542176835,1.4579607471363512,77.61472453479101,21
B0007,142,24.0,3.471331540316293,2.6734637340691423,2.001946526955522,34.41869765076303,38.454237739202334,2658.045419050025,1.4608540640102852,77.76875062404159,20
B0007,143,24.0,3.480341396199946,2.673572497842625,2.00107849356943,34.79242940837332,40.57299773039925,2608.0453930540284,1.4609038999792396,77.77140364814386,19
B0007,144,24.0,3.46381125429026,2.6777123721372336,1.9997904014437884,34.64071126086774,39.57330399512234,2632.860108289115,1.4592042495580386,77.68092254328141,18
B0007,145,24.0,3.473884135571279,2.6720614203307544,2.002155272462998,34.33834715683343,39.91190908320358,2637.807172576762,1.4621987630076643,77.84033584502149,17
B0007,146,24.0,3.483289942673863,2.6716206380587093,2.0011469383074623,35.117503326258266,38.938610116403694,2634.8031768627648,1.4614825695154605,77.80220919399869,16
B0007,147,24.0,3.4723656302688743,2.6850822335191467,2.000295466665125,34.90929811085625,39.415915761172286,2618.1990427742576,1.45867649778149,77.65282761079436,15
B0007,148,24.0,3.4632672824623008,2.662384868981893,1.9967949204200621,34.60795309743712,39.380079654965144,2624.243772591955,1.451019434902693,77.24520290124667,14
B0007,149,24.0,3.4690062889039384,2.6546519217968196,2.0084688312038126,34.89087503996653,40.51176564379082,2575.5303255941453,1.4438532431684954,76.86370977908565,13
B0007,150,24.0,3.4772582563653267,2.734481362588235,1.9947479002832573,34.847159015693684,39.54801056230802,2584.337513282407,1.4362916361736202,76.46116667557597,12
B0007,151,24.0,3.4713299409244383,2.659903013947241,2.0021381810943986,34.55938316383863,40.25426604512863,2569.571940617806,1.4322389226478294,76.24541995911565,11
B0007,152,24.0,3.4638830240043728,2.6767719364284273,1.9983987962884928,35.00048787311557,39.63784228233954,2549.1964912117305,1.4218644224126311,75.69313212864931,10
B0007,153,24.0,3.4643103381722167,2.6449921740992477,2.0087977363472467,34.74024079208769,39.75855118885388,2561.1502192597864,1.419288334693324,75.55599377351582,9
B0007,154,24.0,3.4655586443956627,2.6769865100004635,1.9954825873138808,34.58088346968418,39.82236758930929,2579.3262175260106,1.4239800218806753,75.80575633356065,8
B0007,155,24.0,3.470463414497991,2.6558725189551247,1.9963236836911984,34.29533666416276,40.56784735844049,2562.101404030079,1.4262501335875732,75.92660601702447,7
B0007,156,24.0,3.4745132111784,2.6660216489375173,1.9951509096836908,34.841089993926616,39.0344509176077,2567.5951291794113,1.4199360626836248,75.59047565489665,6
B0007,157,24.0,3.4728678412131386,2.6958590028557654,2.001617325254753,35.22171340867463,39.33540174881764,2553.684831419206,1.4182992896875206,75.50334183770154,5
B0007,158,24.0,3.469362948736167,2.684607036237313,1.9931347467021567,34.74215764301863,39.05304259631532,2532.4329543924855,1.4143466319616975,75.29292160439098,4
B0007,159,24.0,3.4607140247271553,2.686419291080519,1.9976073575262112,36.01441554754593,39.46442503436292,2545.8922765628286,1.4165341988674691,75.40937700494025,3
B0007,160,24.0,3.459135189412121,2.640265962439327,1.9892381708857285,35.437081366320854,39.7046094475503,2523.531897410384,1.4044578809845878,74.76649269703594,2
B0007,161,24.0,3.46895389987696,2.7122228474882233,2.0012021067706405,35.579925344061394,39.27035042761774,2524.5523033147115,1.4083345566679406,74.97286801671801,1
B0007,162,24.0,3.4582092776912683,2.652187720508789,1.9974989257062188,35.441138812144715,39.79698160311294,2523.0449482559766,1.398120946847855,74.4291452078229,0
B0007,163,24.0,3.464479611007157,2.7063282378408773,1.9925597162803408,35.83198857657542,39.113766208333274,2529.265819514474,1.4031922926105014,74.69911894007981,0
B0007,164,24.0,3.4666292375547925,2.696387483190085,2.0054280470148704,34.79999191106562,39.644062577389,2495.0965228130694,1.3994201490483948,74.49830840107619,0
B0007,165,24.0,3.4570119097760017,2.6884667029345675,1.9934616655080752,34.206110817601406,40.907417895774906,2461.4070737477227,1.3812110909312851,73.52894689215121,0
B0007,166,24.0,3.4573390039727867,2.659916178124,2.003984718450141,35.063454605718945,40.524333833887354,2489.290242089548,1.3793999862730342,73.43253250690118,0
B0007,167,24.0,3.4625875316600916,2.6798085421032183,1.996494795880061,35.43649685503834,40.37801306917871,2478.825831631802,1.3839195155909556,73.67313022102098,0
B0007,168,24.0,3.465651400571842,2.6673283121334137,2.0080078568894772,35.27021563025653,39.778089177270225,2496.6065107449995,1.3844866074547193,73.70331942802014,0
B0018,1,24.0,3.5305241546878623,2.6546002668194997,2.0056246641785234,31.582990703463338,35.42850520179222,3336.0240730055452,1.8552645088345665,100.0,95
B0018,2,24.0,3.52309549236052,2.6460367581527016,1.9950333643663765,32.11752048574637,36.09484088022342,3283.3490421604765,1.8255128061867236,98.39636329449691,94
B0018,3,24.0,3.5301742628050823,2.656874454736647,2.0019601519902874,32.49637891068224,36.73468520837938,3304.510885308285,1.8287147161171193,98.56894838493272,93
B0018,4,24.0,3.526298073927712,2.671434509026102,2.011363294954467,32.40376547600696,35.96265316988439,3263.6889269546864,1.8242134205419036,98.32632553769012,92
B0018,5,24.0,3.527770648196965,2.6493146769429177,2.001026778411257,32.21576906380544,35.76067615909296,3285.90629287836,1.8273441894314573,98.4950760783621,91
B0018,6,24.0,3.5271235459874455,2.658216763270513,1.996121952603692,32.4353580732487,36.37611059480529,3261.0641052232054,1.8154999891032295,97.85666574539734,90
B0018,7,24.0,3.5189322556792706,2.6483945052461566,2.0020518435133576,31.977316717281344,36.58837954026913,3257.389370378102,1.8108183597603769,97.60432278726068,89
B0018,8,24.0,3.5201700320987324,2.6392082427871517,1.9976499564049233,32.15956142530811,37.164371463105475,3271.3501735469004,1.810346709340254,97.57890051362386,88
B0018,9,24.0,3.5126132948735256,2.662992386469709,1.993029420781233,32.29613735641254,36.58244214020339,3253.9038110020397,1.8031063270698928,97.1886390584037,87
B0018,10,24.0,3.525375509953205,2.641874761652294,2.0035051801343604,31.723827128735103,36.79868122497741,3219.5597235333034,1.7948833100895742,96.74541293397984,86
B0018,11,24.0,3.516359836072092,2.6607545835435134,2.0055891720027486,31.8992733809513,36.84470090224728,3231.0966921117138,1.793914557812114,96.6931965371886,85
B0018,12,24.0,3.5226313072377327,2.6537777239548994,1.9984454666396372,31.936887558452725,35.9375109529854,3245.3764939390576,1.790566594293083,96.51273906047363,84
B0018,13,24.0,3.5236394930895436,2.6472074856836585,1.9981138216295187,32.6999847951609,36.044122639015086,3208.0997466897884,1.78920568453986,96.43938511300456,83
B0018,14,24.0,3.523593225812682,2.6472045587097788,1.995192173044391,32.550231821754444,36.060838311631144,3206.7225704606362,1.7803028159748226,95.95951453268337,82
B0018,15,24.0,3.5147681150379784,2.6435223003088226,1.999250321997662,32.68659089888594,35.92348234729599,3204.401408613282,1.7818326770929784,96.04197507191489,81
B0018,16,24.0,3.516776501686887,2.6222430526471836,1.997188158085384,31.883227134754677,37.223182111669416,3157.257690999953,1.7545570923541691,94.57180278063642,80
B0018,17,24.0,3.52604651834369,2.6625798554073334,1.9949448365664837,31.99720774607129,36.93253760648779,3141.639083979748,1.7589438601741605,94.80825250514212,79
B0018,18,24.0,3.5264425038701277,2.659482564317484,2.009460844151998,32.847481513532706,36.816008481452535,3189.602236677829,1.7602448854795254,94.8783786407508,78
B0018,19,24.0,3.5215896478765574,2.6723321920864005,2.0023324640837474,31.52918658782529,35.55784766828781,3140.6031131402274,1.7512324398075279,94.39260178095094,77
B0018,20,24.0,3.517571217054786,2.6450173614095873,2.0028619755401467,33.16743167772672,37.93117834222504,3157.362647676717,1.7455397600691192,94.08576252911915,76
B0018,21,24.0,3.5109985571193087,2.6934980368841193,2.004416997844662,31.94151686754117,36.44732229785694,3134.520217205583,1.7465782590701642,94.14173832103992,75
B0018,22,24.0,3.519123722471504,2.6481930353051877,2.0038551810837992,33.03186846823165,37.95194705991835,3127.885213290954,1.7429265461496615,93.94490854808228,74
B0018,23,24.0,3.5143545431233263,2.6384399474492817,1.9979344502360163,32.357622985278304,36.22612170658247,3150.3235769942294,1.7400704045762485,93.79096060374269,73
B0018,24,24.0,3.5183150036535067,2.6359213566922897,2.0013627631148574,33.1149680967658,36.52100823498462,3151.932934583705,1.7427914808508533,93.93762843798666,72
B0018,25,24.0,3.511479578279773,2.621464033713793,1.9986548475786967,34.02036217897297,35.881372393287016,3128.585345264192,1.7363640870998511,93.59118760863885,71
B0018,26,24.0,3.511413528407985,2.6877412802589884,2.002192318123883,31.94137563728668,37.31525807375152,3105.3628019565963,1.7188586353941675,92.64763203355375,70
B0018,27,24.0,3.513154968898259,2.6844876549762224,2.001708454429791,33.126107718446164,36.57998073533025,3090.3636798398766,1.7192733175242902,92.66998367819245,69
B0018,28,24.0,3.5133813603431046,2.669154915303441,1.998086698695679,32.13353636005199,36.605901850270136,3092.1120844608845,1.7179097771537044,92.59648793868507,68
B0018,29,24.0,3.5124986069536255,2.6400662264919545,1.993353506385391,33.12926788658344,36.59182331500805,3054.0751459522817,1.7022219510217993,91.75090359978346,67
B0018,30,24.0,3.507055955332238,2.6942445815292375,2.0007311852848275,32.879598482345834,37.67175399505772,3076.520685234275,1.7016442838859838,91.71976695414266,66
B0018,31,24.0,3.5035531427919837,2.650857790748553,1.9989786525609634,32.99897380646307,37.61847966242155,3056.7894065322516,1.7039947813887566,91.84646034430777,65
B0018,32,24.0,3.517835381654515,2.6527349007934604,1.9905481387614563,32.60917557962794,38.20448373241837,3082.0339451548816,1.6998647777671188,91.62385038211795,64
B0018,33,24.0,3.5226770757554164,2.6866528596446018,2.0025383088444437,33.26113780810421,36.92237517520433,3061.9368088803967,1.7037079563362187,91.83100028181146,63
B0018,34,24.0,3.5086142515439827,2.6726273524944286,2.004826710561214,32.55455376138923,37.62127221429324,3015.6512396600215,1.675190895110987,90.29391157616132,62
B0018,35,24.0,3.4995252525620355,2.703563977560817,2.0126417823760447,33.641684679446556,36.8820387670151,3023.635157945156,1.6734745764640786,90.20140085120887,61
B0018,36,24.0,3.5017109089201117,2.6647436914046496,1.9980440124833967,33.00860942114826,37.39555988035545,3005.0420679154727,1.669268945332016,89.97471451553889,60
B0018,37,24.0,3.5089759911074623,2.651487222703542,1.9973064405172547,32.57026437245278,37.2490315345781,3011.5843467383306,1.675584984140339,90.31515323887169,59
B0018,38,24.0,3.5116271735405307,2.647795264137954,1.9944528948478037,33.8417381461943,37.83724286789174,2995.5053001047713,1.6644198065677214,89.71334268736003,58
B0018,39,24.0,3.4989641273077097,2.6230486442640197,2.001043209532435,33.17169107581622,38.106681752462265,3010.7879673025477,1.665211495555102,89.75601525418867,57
B0018,40,24.0,3.50444152881906,2.654402807374554,2.0010115909027917,33.96002112785817,38.09148899832423,2987.898946406372,1.665467627632457,89.76982094475922,56
B0018,41,24.0,3.5059552192563834,2.682901643202882,1.9959435183260663,33.689715622885466,37.1801580921047,2994.7808898939647,1.6648191361128133,89.73486681737978,55
B0018,42,24.0,3.508539095033482,2.6722902023423,1.9991253505899809,32.9183639847869,38.14939697458013,2986.714121900404,1.6591999005501898,89.4319862558283,54
B0018,43,24.0,3.502563266411841,2.6606936513776707,1.990106671665553,33.20050302920083,37.62395603088014,3000.3953194257056,1.6596814119404393,89.4579400423615,53
B0018,44,24.0,3.4940560444463116,2.6413512639625045,2.004631883739166,33.39840951652519,37.6376940062645,2953.878889858845,1.6418758724816205,88.49820953633227,52
B0018,45,24.0,3.504444298885487,2.6660021359249657,1.996146603701639,33.9862823477599,37.480092346944296,2975.350790112531,1.6379035020528472,88.28409610884755,51
B0018,46,24.0,3.507308485712923,2.681582471749081,1.999826718242935,33.53415080276765,37.53222372604695,2950.4895397500027,1.640465343564294,88.4221810826746,50
B0018,47,24.0,3.5000496952164855,2.670429324119315,1.9928665328935111,33.48830972722842,38.76154716148457,2932.997277059741,1.6314236286865667,87.9348265930764,49
B0018,48,24.0,3.502224731564137,2.6652552909496254,1.9970882320026921,33.35051867199565,38.06099939236031,2930.4789525290294,1.6294691301962752,87.82947781499196,48
B0018,49,24.0,3.4969380610987995,2.6463366400360018,1.9986020442324124,33.452872357853266,38.05143282001077,2901.466468285984,1.622897827619919,87.4752802035428,47
B0018,50,24.0,3.4940468438672996,2.6800333531458684,1.999943545765196,34.04460285790674,37.899231268912075,2891.881525739794,1.6152402380228748,87.0625309938975,46
B0018,51,24.0,3.502242128349305,2.6005179036464887,2.0023986625776127,33.58020214288368,39.327949309138596,2883.945195942212,1.6066139996046105,86.59757096382162,45
B0018,52,24.0,3.4995866597360332,2.6705972419785184,2.007195375417431,33.3948404276266,38.7229576926177,2916.124531952274,1.6106039356775124,86.81263119129335,44
B0018,53,24.0,3.4984562587365904,2.7150046733230595,2.003663554713847,33.40598517825462,37.81518633526739,2876.6819267607943,1.5984326764729024,86.15659216577156,43
B0018,54,24.0,3.5033687974515315,2.6334892435687394,2.004810822715731,33.41729929631071,38.04826628310792,2867.961850353729,1.5973508406655357,86.09828049095564,42
B0018,55,24.0,3.489784873982005,2.6591489766445333,2.0072305205497156,33.11632549021018,38.12909624648426,2882.985042090028,1.5914372338366272,85.77953312093113,41
B0018,56,24.0,3.4933644057253703,2.6633919653710385,2.0028485394076134,33.32587209749336,38.24096561690656,2902.046490714739,1.5993215742896418,86.20450435362977,40
B0018,57,24.0,3.4925478742732965,2.656045060707219,1.999816464021905,34.4349741488622,38.096861721820375,2839.450061201542,1.5670107357155143,84.46292850715253,39
B0018,58,24.0,3.4890599690446105,2.685974870757813,2.005045559531275,33.747046604569,38.65899000674218,2809.4656993505832,1.5679233607272838,84.51211960671938,38
B0018,59,24.0,3.4963223916072295,2.6744863367147587,2.0053650464298083,34.08624263874079,39.13201469444412,2821.8286336562524,1.5718096460884206,84.72159299138399,37
B0018,60,24.0,3.4904861770617646,2.6684767381844323,2.0032428291898303,32.86018508085799,37.81210286285569,2843.362707629635,1.5645314814305082,84.3292950401617,36
B0018,61,24.0,3.486971360564873,2.681171841382442,1.9927268620148195,34.05449134267311,37.87214905690297,2826.5783030834264,1.568311782057459,84.53305577664693,35
B0018,62,24.0,3.4918296330018888,2.6657347043310544,1.9957926992345267,33.78342173620672,38.2223711462905,2813.175912044222,1.5651057322320352,84.3602475430955,34
B0018,63,24.0,3.4924639703546845,2.72895237917621,1.9986257294798475,33.650034718812556,38.238416523904434,2829.450742408632,1.5659308461048163,84.40472173364094,33
B0018,64,24.0,3.494632217955693,2.6690434156166503,2.0038981051036795,33.99436121619029,39.56186924833542,2811.7608037913114,1.5536951765449665,83.74521094681864,32
B0018,65,24.0,3.4916329281585408,2.6700387525126725,1.9998932679046473,33.737643163620604,39.082152296867974,2784.195675358223,1.5515374549567484,83.62890830760233,31
B0018,66,24.0,3.4906801643306586,2.632440866058991,2.005684343167253,33.14847727809941,39.13619750413214,2778.8390385991042,1.5419707995665586,83.11325917268736,30
B0018,67,24.0,3.490122064609455,2.6557227509781636,2.0065761831437214,34.35991007937665,38.52249835712047,2791.3928754813205,1.5430524858017025,83.17156278546027,29
B0018,68,24.0,3.4862322673773365,2.6900782016424776,2.005995852343386,34.152884785317056,38.59774697764363,2742.145114194768,1.5330830118800924,82.63420146182493,28
B0018,69,24.0,3.4841847404711435,2.6401845285741223,2.0060277028224016,33.90166288785926,37.977133786128505,2767.6261180034353,1.5374671867455796,82.87051142434565,27
B0018,70,24.0,3.487252192347012,2.624525656278475,1.9948150304767065,33.734741822912696,39.21915807634614,2724.6467230459257,1.5229792043564925,82.08959946704269,26
B0018,71,24.0,3.483455396575238,2.668597901261889,2.002413177497279,33.56624801413363,39.11778199650637,2717.4582843361236,1.5178955509944587,81.81558714492765,25
B0018,72,24.0,3.4928594992232176,2.6956507357010944,1.9969623547952229,34.2778585490186,39.56073397059432,2714.299841969686,1.5126368572954947,81.53214003138008,24
B0018,73,24.0,3.491345408831112,2.668993825631024,1.991754668343204,34.822920510942325,38.797977312458165,2732.888297866711,1.5142952804436216,81.6215301501599,23
B0018,74,24.0,3.4864820719672482,2.6619503574252765,1.9985626443397209,34.32200852803287,38.91676634334841,2703.363772959563,1.5045522846606307,81.09637614992997,22
B0018,75,24.0,3.485136778947586,2.631532463544732,2.0066236848281362,33.69116203350906,39.07737833220857,2697.4897255504075,1.5040088874582964,81.06708667666366,21
B0018,76,24.0,3.483190574278171,2.677592934640813,2.0023037100505925,34.31578895322766,39.41360513763661,2713.1298406304627,1.5068647345447714,81.22101874796,20
B0018,77,24.0,3.474248631660627,2.683003802050716,2.0100890468580292,34.35205879986788,38.42942016864002,2654.1781733032794,1.4841014523484868,79.99406258683644,19
B0018,78,24.0,3.4793631826616225,2.634187732506685,2.0008861507263407,34.72430334907452,39.53960926506229,2676.346711393569,1.4832859239589224,79.95010506025838,18
B0018,79,24.0,3.479014725001974,2.6932875590399648,2.0122390137679647,34.71432247888719,39.28525782947692,2661.093696230882,1.4689571637786152,79.17777528668294,17
B0018,80,24.0,3.479727803628871,2.685881702015183,2.000887606127585,33.27380596603694,38.761528005597704,2643.9044825237265,1.4694958572991925,79.20681122835121,16
B0018,81,24.0,3.481543218085035,2.6929681043509643,2.0001124014807687,34.65671114177348,38.209182803675766,2650.244807949914,1.4740469682496762,79.45211915769562,15
B0018,82,24.0,3.4839040578235556,2.6819515391029998,1.9936030495603925,34.03233270815833,39.1767291066741,2660.243064329345,1.4748008105728396,79.49275176396678,14
B0018,83,24.0,3.4726281727301638,2.684638076940775,2.0055528137014638,34.01903923516636,40.17416413396483,2581.477680658055,1.4510581788558488,78.21300800754116,13
B0018,84,24.0,3.4733450260577747,2.681710256336507,1.9974893743552975,34.48011123934722,40.24467647136622,2628.9008443786506,1.456026990294268,78.4808302730326,12
B0018,85,24.0,3.483526842904613,2.688860422627665,1.9967647618029563,34.74330558732892,39.616244296957596,2660.87877967473,1.4524169403436429,78.28624616206436,11
B0018,86,24.0,3.479608508811851,2.6353234042711673,2.006406152818813,33.94753331432276,40.45277237650445,2605.5978202168753,1.4485766464075536,78.07925174602275,10
B0018,87,24.0,3.4743674917928904,2.641450272726147,2.00579111334398,34.85840593465227,39.413963282293956,2613.2134599216392,1.4527779641263245,78.30570558582643,9
B0018,88,24.0,3.4755382134229444,2.6568501342891224,2.0056602568360535,34.89377061416277,39.927898542688226,2622.863371647334,1.4509495925810216,78.2071551345783,8
B0018,89,24.0,3.472886178626519,2.6700436972225914,1.998189044329725,34.73560255724491,39.3968006605136,2600.7646381767518,1.4311581378632123,77.14038246558343,7
B0018,90,24.0,3.473287525175899,2.6805108766403665,1.9997451206734738,34.38272712881355,39.38240268823042,2587.111516465549,1.4291594437772428,77.03265151528215,6
B0018,91,24.0,3.4739495294175184,2.6798591874820468,1.9997007280115207,34.412115328420654,39.399734148354845,2519.592934719503,1.417737243276809,76.41698725576322,5
B0018,92,24.0,3.484146755132523,2.6957533996683107,2.003912590903362,35.21972686533492,38.71554087670828,2558.855244039906,1.4168912563749807,76.3713879949678,4
B0018,93,24.0,3.472527500980039,2.696338418701916,2.007767823342471,34.19973245303879,40.382508166822994,2590.4074782593157,1.4176825144892726,76.4140373374483,3
B0018,94,24.0,3.4739612649479885,2.656292988155779,2.001840732775992,35.27467102292628,39.47769423189579,2548.77162799028,1.4107972290493822,76.04291583929516,2
B0018,95,24.0,3.460909327322869,2.6790348378594815,2.009874455426787,34.84551821536449,39.48141111547796,2504.712559873798,1.4011286603182636,75.52177350702513,1
B0018,96,24.0,3.466223949789519,2.657583989144198,2.004485972090165,34.90654061197901,39.3365133749752,2517.024795081747,1.39599852817526,75.24525594747638,0
B0018,97,24.0,3.474655845377051,2.6708303510875413,1.9988260030294278,34.268199940388186,39.83306697846989,2491.7664724712827,1.394987100689666,75.19073932837556,0
B0018,98,24.0,3.470250394178319,2.6811403004923555,2.0041435570306447,34.90585012131485,40.83446185310158,2525.83310072989,1.3929672474393648,75.08186788494079,0
B0018,99,24.0,3.445605850729857,2.6068051890088935,2.008529701393544,35.242965871003854,41.04359831154376,2483.846724253275,1.3878805350409413,74.80769067871488,0
B0018,100,24.0,3.4705351412846355,2.7233588706835716,2.009991444916707,34.4815147517526,39.19100494462347,2494.151791157466,1.3850211870206033,74.6535699047378,0
B0018,101,24.0,3.4760317204134252,2.6867518141718367,2.0059344567229953,35.25029122176722,39.89055850183383,2470.526067194674,1.3796626484580843,74.36474108615143,0
B0018,102,24.0,3.455821938900313,2.663765343759367,2.00012837226829,35.11713401358782,39.591526597774774,2466.6789505245306,1.3749309285487503,74.10969821292218,0
B0018,103,24.0,3.4724161902677864,2.7146196943487806,1.9989165337297203,34.87117366376823,40.665736749673975,2484.0846948568355,1.3676624639827377,73.71792310315207,0
B0018,104,24.0,3.4510711716557845,2.6690789966667103,2.0028803475178067,35.46518364376865,40.30771598587646,2464.8321089281417,1.3684890285859646,73.7624754890405,0
B0018,105,24.0,3.4689186449672693,2.67895892761976,2.0083698724763552,34.27612208079246,39.89108172082193,2445.5375841175864,1.363292011790818,73.48235280193045,0
B0018,106,24.0,3.463337068790738,2.6669055590237276,2.0021688456110724,35.33641732729912,40.29994657736435,2425.4473352217465,1.3570143082139152,73.14398037325468,0
B0018,107,24.0,3.451363408219318,2.70979453103065,2.002272659359344,35.85833737704333,40.04204177438149,2410.9931581206224,1.3550381557870077,73.03746443347913,0
B0018,108,24.0,3.4656750219737793,2.6745225727388497,2.0002569892715854,35.7706492794364,41.06668574558229,2424.7093038937337,1.3574880629980965,73.16951607352412,0
B0018,109,24.0,3.4658635754214786,2.6809459313445028,1.998360544686844,35.51067260778093,40.746479650262046,2400.7362859422337,1.3328093874003157,71.83931892480146,0
B0018,110,24.0,3.4621039187322493,2.701961849575252,1.9991893274667805,35.22567247131687,40.79670475281716,2416.092829589886,1.3341051794772478,71.9091629858915,0
B0018,111,24.0,3.4625815490898906,2.6898398247873843,2.0006771299262276,35.122123253960496,39.168466963089614,2384.6314408628436,1.3294648406939868,71.65904561658031,0
B0018,112,24.0,3.4557973655133067,2.6777707402673174,2.008590499981199,35.34175387083763,40.583837911785444,2392.596691729817,1.3161325209550176,70.94042465037943,0
B0018,113,24.0,3.448652013797297,2.701024234417788,1.998801431107346,35.67549269564385,41.652231874831756,2359.650875144298,1.3168963230431785,70.98159409465671,0
B0018,114,24.0,3.4614088167744805,2.729589865923441,2.000263060379557,35.13552663800207,41.27429674859946,2366.7171197052317,1.3168262753046833,70.97781847462186,0
B0018,115,24.0,3.465591044189828,2.68561129913895,1.9956731116979674,35.81454034677551,39.75854963311367,2339.345446768328,1.3086328319852152,70.53618639033135,0
B0018,116,24.0,3.4618604082711366,2.6818502001574513,2.003583155332366,36.395064015201356,40.56568682765825,2362.0119792985092,1.3039725295999953,70.28499296949956,0
B0018,117,24.0,3.4464260076760938,2.682866386942741,2.0068333958935916,35.50970813839219,40.11185551029817,2380.6496117076945,1.305103862498348,70.34597257068123,0
B0018,118,24.0,3.4488771230278736,2.7056279519910587,2.008122489229784,34.99256551561811,41.562648696090015,2323.9079918374846,1.305741803473071,70.38035801662089,0
B0018,119,24.0,3.4506975141836507,2.6680451041422866,2.0010168226234786,35.06558916262683,40.92678855600915,2324.8399095004124,1.294462411405518,69.77239122731179,0
B0018,120,24.0,3.4463133325239705,2.674722364893618,2.0028717714163964,35.945272151226796,40.46229679419049,2340.357451980301,1.2896587523747503,69.51347078724012,0
B0018,121,24.0,3.4532997257995475,2.65001963053676,1.9992322483891498,35.66832027073098,40.94003729485727,2283.7051161861605,1.2807829438930802,69.03505876354191,0
B0018,122,24.0,3.4547971612440134,2.657190609859956,2.0026400933984725,36.0548884119563,39.63519197350666,2310.596953749804,1.278942608414021,68.93586344824882,0
B0018,123,24.0,3.4446824563110936,2.6709105108551183,2.001569825762496,35.53852760942559,40.46016109372415,2307.1472697308236,1.271569548182061,68.53845056200805,0
B0018,124,24.0,3.454255662349948,2.6807332520973635,2.0002913219362575,36.15448845644455,41.11454057948465,2270.5020993289118,1.2607381483964217,67.95463085683603,0
B0018,125,24.0,3.4533600936219284,2.717239836954671,2.0006887684613854,35.75966078333235,41.520144954509654,2277.3768704364543,1.2606238468735291,67.94846992817338,0
B0018,126,24.0,3.44686130780676,2.692879014726113,2.002259611416968,35.56609741318344,40.17480832011869,2285.513553492551,1.2550555653892428,67.64833582558204,0
B0018,127,24.0,3.449410412445215,2.6636492208461497,1.9985292378257722,35.66649553447254,40.911948914140105,2297.2630563483235,1.2600203655760036,67.91594188192165,0
B0018,128,24.0,3.4396677952943984,2.6676736698236523,1.9987875160396098,35.38917180154285,41.662167594208945,2255.7022834243617,1.2536843286777106,67.57442524814134,0
B0018,129,24.0,3.4454737559864004,2.710640946957479,2.0085368100683576,36.77326061857653,40.577629064671875,2218.253421608083,1.2367994940819844,66.66432135107854,0
B0018,130,24.0,3.4479281360498324,2.7053757225009116,2.013552733844232,35.90266913797592,41.369553901924505,2222.511231240585,1.2423949627259392,66.96592085979063,0
B0018,131,24.0,3.4477735390092485,2.6837910777912404,1.9939781652573298,36.24517518588369,41.34947998543408,2238.159412017431,1.235280527645,66.5824480424613,0
B0018,132,24.0,3.445089981240685,2.6758712320169895,1.9937026439781198,35.95186370618362,42.41267197262089,2153.1887144185202,1.2076474154363248,65.09300478102395,0
